group1,group2,meandiff,p-adj,lower,upper,reject
3D/graphics/media,IDE,-26288.7974,0.999,-120011.9263,67434.3315,False
3D/graphics/media,SDK,-27113.8565,0.9991,-125107.7506,70880.0376,False
3D/graphics/media,__ALL__,-14376.7141,1.0,-107522.5392,78769.111,False
3D/graphics/media,database,70542.1241,0.7612,-51156.5,192240.7482,False
3D/graphics/media,diagram generator/data visualization,29908.3791,0.9999,-103172.5134,162989.2716,False
3D/graphics/media,games,84823.0714,0.9834,-134998.006,304644.1488,False
3D/graphics/media,middleware,-4487.7738,1.0,-104229.9624,95254.4148,False
3D/graphics/media,parsers/generators/make,-9897.4068,1.0,-127020.4756,107225.6619,False
3D/graphics/media,programming language,201058.6429,0.0024,41115.3157,361001.9701,True
3D/graphics/media,testing,-4762.3992,1.0,-129461.0874,119936.2891,False
3D/graphics/media,tool,21704.1149,0.9999,-83759.3919,127167.6217,False
IDE,SDK,-825.0591,1.0,-37325.0531,35674.9348,False
IDE,__ALL__,11912.0833,0.7365,-8227.2071,32051.3736,False
IDE,database,96830.9214,0.0052,15960.6463,177701.1966,True
IDE,diagram generator/data visualization,56197.1765,0.7637,-40962.3327,153356.6857,False
IDE,games,111111.8688,0.8087,-89014.9718,311238.7095,False
IDE,middleware,21801.0236,0.8485,-19161.7702,62763.8174,False
IDE,parsers/generators/make,16391.3906,0.9999,-57414.1615,90196.9426,False
IDE,programming language,227347.4402,0.0,95774.9727,358919.9077,True
IDE,testing,21526.3982,0.9996,-63791.8832,106844.6796,False
IDE,tool,47992.9123,0.1276,-5411.1845,101397.0091,False
SDK,__ALL__,12737.1424,0.9896,-22253.8477,47728.1325,False
SDK,database,97655.9806,0.0109,11872.6502,183439.3109,True
SDK,diagram generator/data visualization,57022.2356,0.7941,-44263.2451,158307.7163,False
SDK,games,111936.9279,0.8114,-90225.2118,314099.0676,False
SDK,middleware,22626.0827,0.9455,-27341.1951,72593.3605,False
SDK,parsers/generators/make,17216.4497,0.9999,-61941.8594,96374.7587,False
SDK,programming language,228172.4994,0.0,93524.4671,362820.5316,True
SDK,testing,22351.4573,0.9997,-67637.3615,112340.2762,False
SDK,tool,48817.9714,0.2597,-11768.9573,109404.9001,False
__ALL__,database,84918.8382,0.027,4718.3318,165119.3446,True
__ALL__,diagram generator/data visualization,44285.0932,0.9407,-52317.6503,140887.8368,False
__ALL__,games,99199.7855,0.9001,-100657.3439,299056.915,False
__ALL__,middleware,9888.9403,0.9997,-29735.1724,49513.053,False
__ALL__,parsers/generators/make,4479.3073,1.0,-68591.7496,77550.3641,False
__ALL__,programming language,215435.357,0.0,84273.495,346597.2189,True
__ALL__,testing,9614.3149,1.0,-75069.3846,94298.0145,False
__ALL__,tool,36080.829,0.5101,-16303.4949,88465.1529,False
database,diagram generator/data visualization,-40633.7449,0.9959,-164998.1307,83730.6408,False
database,games,14280.9474,1.0,-200375.2488,228937.1436,False
database,middleware,-75029.8979,0.1818,-162805.0691,12745.2734,False
database,parsers/generators/make,-80439.5309,0.3677,-187555.3081,26676.2463,False
database,programming language,130516.5188,0.1824,-22250.7696,283283.8072,False
database,testing,-75304.5232,0.5962,-190655.0297,40045.9833,False
database,tool,-48838.0092,0.8701,-143063.9491,45387.9308,False
diagram generator/data visualization,games,54914.6923,0.9997,-166393.3541,276222.7387,False
diagram generator/data visualization,middleware,-34396.1529,0.995,-137374.0609,68581.755,False
diagram generator/data visualization,parsers/generators/make,-39805.786,0.9952,-159696.3968,80084.8249,False
diagram generator/data visualization,programming language,171150.2637,0.0277,9169.3598,333131.1677,True
diagram generator/data visualization,testing,-34670.7783,0.9992,-161972.4208,92630.8642,False
diagram generator/data visualization,tool,-8204.2642,1.0,-116733.0466,100324.5181,False
games,middleware,-89310.8452,0.9555,-292326.1935,113704.5031,False
games,parsers/generators/make,-94720.4783,0.9505,-306816.0715,117375.115,False
games,programming language,116235.5714,0.9109,-122193.8634,354665.0062,False
games,testing,-89585.4706,0.9715,-305956.657,126785.7158,False
games,tool,-63118.9565,0.9976,-269005.5241,142767.6111,False
middleware,parsers/generators/make,-5409.633,1.0,-86722.2324,75902.9663,False
middleware,programming language,205546.4167,0.0001,69620.7256,341472.1077,True
middleware,testing,-274.6254,1.0,-92164.1701,91614.9194,False
middleware,tool,26191.8887,0.9718,-37183.7915,89567.569,False
parsers/generators/make,programming language,210956.0497,0.0002,61808.128,360103.9714,True
parsers/generators/make,testing,5135.0077,1.0,-105377.4236,115647.439,False
parsers/generators/make,tool,31601.5217,0.9909,-56635.5787,119838.6221,False
programming language,testing,-205821.042,0.0009,-360988.8614,-50653.2227,True
programming language,tool,-179354.528,0.0018,-319532.417,-39176.6389,True
testing,tool,26466.5141,0.9993,-71603.54,124536.5682,False
3D/graphics/media,IDE,-13.3963,1.0,-79.9554,53.1628,False
3D/graphics/media,SDK,-11.9871,1.0,-81.5792,57.6049,False
3D/graphics/media,__ALL__,-1.8438,1.0,-67.9929,64.3053,False
3D/graphics/media,database,81.5714,0.0857,-4.855,167.9978,False
3D/graphics/media,diagram generator/data visualization,48.8791,0.8717,-45.6306,143.3888,False
3D/graphics/media,games,20.5714,1.0,-135.5383,176.6812,False
3D/graphics/media,middleware,21.3333,0.998,-49.5003,92.167,False
3D/graphics/media,parsers/generators/make,-0.7764,1.0,-83.9534,82.4006,False
3D/graphics/media,programming language,78.7143,0.5,-34.8722,192.3008,False
3D/graphics/media,testing,24.1008,0.9992,-64.4561,112.6578,False
3D/graphics/media,tool,23.8975,0.9966,-50.9992,98.7942,False
IDE,SDK,1.4092,1.0,-24.5119,27.3303,False
IDE,__ALL__,11.5525,0.2562,-2.7497,25.8548,False
IDE,database,94.9677,0.0,37.5363,152.3992,True
IDE,diagram generator/data visualization,62.2754,0.1235,-6.7241,131.2749,False
IDE,games,33.9677,0.9998,-108.1558,176.0913,False
IDE,middleware,34.7296,0.0055,5.6392,63.8201,True
IDE,parsers/generators/make,12.6199,0.9998,-39.7944,65.0342,False
IDE,programming language,92.1106,0.0576,-1.3279,185.5491,False
IDE,testing,37.4972,0.6759,-23.0931,98.0874,False
IDE,tool,37.2938,0.059,-0.632,75.2197,False
SDK,__ALL__,10.1433,0.9744,-14.7061,34.9928,False
SDK,database,93.5586,0.0,32.638,154.4791,True
SDK,diagram generator/data visualization,60.8663,0.1941,-11.0634,132.7959,False
SDK,games,32.5586,0.9999,-111.0104,176.1275,False
SDK,middleware,33.3205,0.0896,-2.1647,68.8056,False
SDK,parsers/generators/make,11.2107,1.0,-45.0049,67.4264,False
SDK,programming language,90.7014,0.0821,-4.9212,186.324,False
SDK,testing,36.088,0.7908,-27.8191,99.9951,False
SDK,tool,35.8846,0.2126,-7.1422,78.9115,False
__ALL__,database,83.4152,0.0001,26.4594,140.371,True
__ALL__,diagram generator/data visualization,50.7229,0.393,-17.8812,119.327,False
__ALL__,games,22.4152,1.0,-119.5168,164.3472,False
__ALL__,middleware,23.1771,0.2292,-4.9626,51.3169,False
__ALL__,parsers/generators/make,1.0674,1.0,-50.8253,52.9601,False
__ALL__,programming language,80.5581,0.1681,-12.5888,173.7049,False
__ALL__,testing,25.9446,0.9613,-34.195,86.0842,False
__ALL__,tool,25.7413,0.5025,-11.4603,62.9429,False
database,diagram generator/data visualization,-32.6923,0.9881,-121.0118,55.6272,False
database,games,-61.0,0.978,-213.4418,91.4418,False
database,middleware,-60.2381,0.0695,-122.5732,2.097,False
database,parsers/generators/make,-82.3478,0.0208,-158.4179,-6.2777,True
database,programming language,-2.8571,1.0,-111.3475,105.6332,False
database,testing,-57.4706,0.4797,-139.3887,24.4476,False
database,tool,-57.6739,0.1721,-124.5901,9.2423,False
diagram generator/data visualization,games,-28.3077,1.0,-185.4734,128.858,False
diagram generator/data visualization,middleware,-27.5458,0.9863,-100.6773,45.5858,False
diagram generator/data visualization,parsers/generators/make,-49.6555,0.7538,-134.7979,35.4869,False
diagram generator/data visualization,programming language,29.8352,0.9995,-85.1984,144.8687,False
diagram generator/data visualization,testing,-24.7783,0.9992,-115.1837,65.6272,False
diagram generator/data visualization,tool,-24.9816,0.9961,-102.0552,52.092,False
games,middleware,0.7619,1.0,-143.413,144.9368,False
games,parsers/generators/make,-21.3478,1.0,-171.9712,129.2755,False
games,programming language,58.1429,0.9936,-111.1819,227.4676,False
games,testing,3.5294,1.0,-150.1303,157.1892,False
games,tool,3.3261,1.0,-142.8878,149.54,False
middleware,parsers/generators/make,-22.1097,0.9844,-79.8553,35.6358,False
middleware,programming language,57.381,0.7301,-39.149,153.9109,False
middleware,testing,2.7675,1.0,-62.4894,68.0245,False
middleware,tool,2.5642,1.0,-42.4432,47.5715,False
parsers/generators/make,programming language,79.4907,0.3687,-26.4293,185.4107,False
parsers/generators/make,testing,24.8772,0.9968,-53.6051,103.3596,False
parsers/generators/make,tool,24.6739,0.9806,-37.9892,87.337,False
programming language,testing,-54.6134,0.9011,-164.8086,55.5817,False
programming language,tool,-54.8168,0.817,-154.3665,44.733,False
testing,tool,-0.2033,1.0,-69.8495,69.4428,False
3D/graphics/media,IDE,-2.8736,0.7849,-7.9265,2.1793,False
3D/graphics/media,SDK,-5.681,0.0357,-11.1819,-0.18,True
3D/graphics/media,__ALL__,-4.5618,0.0995,-9.4798,0.3561,False
3D/graphics/media,database,-7.1083,0.0006,-12.3569,-1.8596,True
3D/graphics/media,diagram generator/data visualization,-5.4826,0.0663,-11.1271,0.1619,False
3D/graphics/media,games,6.9468,0.3391,-2.1311,16.0248,False
3D/graphics/media,middleware,-7.1391,0.0003,-12.2168,-2.0615,True
3D/graphics/media,parsers/generators/make,-5.1898,0.2154,-11.4218,1.0423,False
3D/graphics/media,programming language,7.3816,0.0023,1.5211,13.2422,True
3D/graphics/media,testing,-7.4236,0.0015,-13.1879,-1.6593,True
3D/graphics/media,tool,-4.2111,0.2592,-9.4316,1.0094,False
IDE,SDK,-2.8073,0.0656,-5.6941,0.0794,False
IDE,__ALL__,-1.6882,0.0129,-3.1913,-0.1851,True
IDE,database,-4.2346,0.0,-6.6056,-1.8637,True
IDE,diagram generator/data visualization,-2.609,0.2233,-5.7606,0.5427,False
IDE,games,9.8204,0.0022,2.0434,17.5974,True
IDE,middleware,-4.2655,0.0,-6.229,-2.302,True
IDE,parsers/generators/make,-2.3161,0.7954,-6.4285,1.7962,False
IDE,programming language,10.2553,0.0,6.7312,13.7793,True
IDE,testing,-4.55,0.0006,-7.9115,-1.1884,True
IDE,tool,-1.3375,0.7633,-3.6454,0.9704,False
SDK,__ALL__,1.1191,0.9668,-1.5244,3.7626,False
SDK,database,-1.4273,0.9534,-4.6445,1.7899,False
SDK,diagram generator/data visualization,0.1984,1.0,-3.6307,4.0275,False
SDK,games,12.6278,0.0,4.5524,20.7031,True
SDK,middleware,-1.4582,0.8996,-4.3881,1.4717,False
SDK,parsers/generators/make,0.4912,1.0,-4.1607,5.1431,False
SDK,programming language,13.0626,0.0,8.9216,17.2036,True
SDK,testing,-1.7426,0.9594,-5.7463,2.261,False
SDK,tool,1.4698,0.9369,-1.7012,4.6408,False
__ALL__,database,-2.5464,0.0033,-4.6143,-0.4785,True
__ALL__,diagram generator/data visualization,-0.9207,0.9971,-3.8512,2.0097,False
__ALL__,games,11.5086,0.0001,3.8186,19.1987,True
__ALL__,middleware,-2.5773,0.0,-4.1616,-0.993,True
__ALL__,parsers/generators/make,-0.6279,1.0,-4.5733,3.3175,False
__ALL__,programming language,11.9435,0.0,8.6158,15.2712,True
__ALL__,testing,-2.8618,0.1192,-6.0169,0.2933,False
__ALL__,tool,0.3507,1.0,-1.6445,2.3459,False
database,diagram generator/data visualization,1.6257,0.9304,-1.8312,5.0826,False
database,games,14.0551,0.0,6.1494,21.9607,True
database,middleware,-0.0309,1.0,-2.4542,2.3924,False
database,parsers/generators/make,1.9185,0.9554,-2.4322,6.2692,False
database,programming language,14.4899,0.0,10.6904,18.2894,True
database,testing,-0.3153,1.0,-3.9646,3.3339,False
database,tool,2.8971,0.0241,0.1873,5.607,True
diagram generator/data visualization,games,12.4294,0.0,4.2556,20.6031,True
diagram generator/data visualization,middleware,-1.6566,0.8703,-4.8478,1.5346,False
diagram generator/data visualization,parsers/generators/make,0.2928,1.0,-4.528,5.1136,False
diagram generator/data visualization,programming language,12.8642,0.0,8.5344,17.194,True
diagram generator/data visualization,testing,-1.941,0.938,-6.1397,2.2576,False
diagram generator/data visualization,tool,1.2714,0.9877,-2.1425,4.6853,False
games,middleware,-14.086,0.0,-21.8791,-6.2928,True
games,parsers/generators/make,-12.1366,0.0002,-20.7266,-3.5465,True
games,programming language,0.4348,1.0,-7.8896,8.7593,False
games,testing,-14.3704,0.0,-22.6274,-6.1135,True
games,tool,-11.1579,0.0002,-19.0449,-3.271,True
middleware,parsers/generators/make,1.9494,0.9302,-2.1933,6.0921,False
middleware,programming language,14.5208,0.0,10.9613,18.0802,True
middleware,testing,-0.2845,1.0,-3.6831,3.1142,False
middleware,tool,2.928,0.003,0.5664,5.2896,True
parsers/generators/make,programming language,12.5714,0.0,7.4993,17.6435,True
parsers/generators/make,testing,-2.2339,0.9483,-7.1944,2.7267,False
parsers/generators/make,tool,0.9786,0.9999,-3.338,5.2952,False
programming language,testing,-14.8052,0.0,-19.2902,-10.3203,True
programming language,tool,-11.5928,0.0,-15.3532,-7.8323,True
testing,tool,3.2125,0.1374,-0.3961,6.8211,False
3D/graphics/media,IDE,0.1061,1.0,-0.6798,0.8921,False
3D/graphics/media,SDK,0.0688,1.0,-0.7869,0.9245,False
3D/graphics/media,__ALL__,-0.1415,1.0,-0.9065,0.6235,False
3D/graphics/media,database,-0.2585,0.9969,-1.075,0.5579,False
3D/graphics/media,diagram generator/data visualization,-0.4282,0.9118,-1.3061,0.4498,False
3D/graphics/media,games,-0.6238,0.9548,-2.0358,0.7883,False
3D/graphics/media,middleware,-0.3403,0.9622,-1.1302,0.4495,False
3D/graphics/media,parsers/generators/make,-0.0613,1.0,-1.0307,0.9081,False
3D/graphics/media,programming language,1.9457,0.0,1.0341,2.8573,True
3D/graphics/media,testing,-0.7525,0.2053,-1.6492,0.1441,False
3D/graphics/media,tool,-0.6427,0.2871,-1.4547,0.1694,False
IDE,SDK,-0.0373,1.0,-0.4864,0.4117,False
IDE,__ALL__,-0.2477,0.0268,-0.4815,-0.0139,True
IDE,database,-0.3647,0.0559,-0.7335,0.0041,False
IDE,diagram generator/data visualization,-0.5343,0.0191,-1.0245,-0.044,True
IDE,games,-0.7299,0.7127,-1.9396,0.4798,False
IDE,middleware,-0.4465,0.0001,-0.7519,-0.141,True
IDE,parsers/generators/make,-0.1674,0.9995,-0.8071,0.4722,False
IDE,programming language,1.8395,0.0,1.2914,2.3877,True
IDE,testing,-0.8587,0.0,-1.3815,-0.3358,True
IDE,tool,-0.7488,0.0,-1.1078,-0.3898,True
SDK,__ALL__,-0.2103,0.8812,-0.6215,0.2009,False
SDK,database,-0.3273,0.5953,-0.8278,0.1731,False
SDK,diagram generator/data visualization,-0.497,0.2129,-1.0926,0.0986,False
SDK,games,-0.6926,0.8173,-1.9487,0.5635,False
SDK,middleware,-0.4091,0.129,-0.8649,0.0466,False
SDK,parsers/generators/make,-0.1301,1.0,-0.8537,0.5935,False
SDK,programming language,1.8769,0.0,1.2327,2.521,True
SDK,testing,-0.8213,0.001,-1.4441,-0.1986,True
SDK,tool,-0.7115,0.0002,-1.2047,-0.2183,True
__ALL__,database,-0.117,0.9899,-0.4387,0.2047,False
__ALL__,diagram generator/data visualization,-0.2866,0.6551,-0.7425,0.1692,False
__ALL__,games,-0.4822,0.9771,-1.6784,0.7139,False
__ALL__,middleware,-0.1988,0.2591,-0.4452,0.0476,False
__ALL__,parsers/generators/make,0.0802,1.0,-0.5335,0.6939,False
__ALL__,programming language,2.0872,0.0,1.5696,2.6048,True
__ALL__,testing,-0.611,0.0028,-1.1018,-0.1202,True
__ALL__,tool,-0.5012,0.0,-0.8115,-0.1908,True
database,diagram generator/data visualization,-0.1696,0.997,-0.7073,0.3681,False
database,games,-0.3652,0.9983,-1.595,0.8645,False
database,middleware,-0.0818,0.9999,-0.4587,0.2951,False
database,parsers/generators/make,0.1972,0.9985,-0.4795,0.874,False
database,programming language,2.2042,0.0,1.6132,2.7952,True
database,testing,-0.494,0.1616,-1.0616,0.0736,False
database,tool,-0.3842,0.1148,-0.8057,0.0374,False
diagram generator/data visualization,games,-0.1956,1.0,-1.467,1.0758,False
diagram generator/data visualization,middleware,0.0878,1.0,-0.4086,0.5842,False
diagram generator/data visualization,parsers/generators/make,0.3668,0.91,-0.383,1.1167,False
diagram generator/data visualization,programming language,2.3738,0.0,1.7003,3.0473,True
diagram generator/data visualization,testing,-0.3244,0.9009,-0.9775,0.3287,False
diagram generator/data visualization,tool,-0.2145,0.9767,-0.7456,0.3165,False
games,middleware,0.2834,0.9998,-0.9288,1.4957,False
games,parsers/generators/make,0.5625,0.9682,-0.7737,1.8986,False
games,programming language,2.5694,0.0,1.2746,3.8643,True
games,testing,-0.1287,1.0,-1.4131,1.1556,False
games,tool,-0.0189,1.0,-1.2457,1.2079,False
middleware,parsers/generators/make,0.279,0.9609,-0.3654,0.9234,False
middleware,programming language,2.286,0.0,1.7323,2.8397,True
middleware,testing,-0.4122,0.3099,-0.9408,0.1165,False
middleware,tool,-0.3024,0.231,-0.6697,0.065,False
parsers/generators/make,programming language,2.007,0.0,1.218,2.7959,True
parsers/generators/make,testing,-0.6912,0.1311,-1.4628,0.0804,False
parsers/generators/make,tool,-0.5814,0.1674,-1.2528,0.0901,False
programming language,testing,-2.6982,0.0,-3.3958,-2.0006,True
programming language,tool,-2.5884,0.0,-3.1733,-2.0034,True
testing,tool,0.1098,1.0,-0.4515,0.6711,False
3D/graphics/media,IDE,-0.5627,0.0298,-1.0989,-0.0265,True
3D/graphics/media,SDK,0.9916,0.0,0.3732,1.61,True
3D/graphics/media,__ALL__,0.1954,0.9873,-0.3269,0.7176,False
3D/graphics/media,database,0.4504,0.3172,-0.13,1.0309,False
3D/graphics/media,diagram generator/data visualization,-0.0406,1.0,-0.6743,0.5931,False
3D/graphics/media,games,-0.0602,1.0,-0.9204,0.7999,False
3D/graphics/media,middleware,0.0176,1.0,-0.5389,0.5741,False
3D/graphics/media,parsers/generators/make,1.6999,0.0,0.9617,2.4381,True
3D/graphics/media,programming language,1.7347,0.0,1.1355,2.334,True
3D/graphics/media,testing,0.0645,1.0,-0.6288,0.7577,False
3D/graphics/media,tool,0.7542,0.0008,0.1878,1.3206,True
IDE,SDK,1.5543,0.0,1.182,1.9266,True
IDE,__ALL__,0.7581,0.0,0.5881,0.928,True
IDE,database,1.0132,0.0,0.7082,1.3182,True
IDE,diagram generator/data visualization,0.5221,0.0011,0.125,0.9193,True
IDE,games,0.5025,0.4537,-0.2018,1.2067,False
IDE,middleware,0.5803,0.0,0.3237,0.8369,True
IDE,parsers/generators/make,2.2626,0.0,1.7139,2.8113,True
IDE,programming language,2.2974,0.0,1.958,2.6369,True
IDE,testing,0.6272,0.0015,0.1407,1.1138,True
IDE,tool,1.3169,0.0,1.0395,1.5943,True
SDK,__ALL__,-0.7962,0.0,-1.1481,-0.4443,True
SDK,database,-0.5411,0.0027,-0.9747,-0.1076,True
SDK,diagram generator/data visualization,-1.0322,0.0,-1.5348,-0.5295,True
SDK,games,-1.0518,0.0005,-1.8205,-0.2831,True
SDK,middleware,-0.974,0.0,-1.375,-0.573,True
SDK,parsers/generators/make,0.7084,0.0126,0.0791,1.3376,True
SDK,programming language,0.7431,0.0,0.2847,1.2016,True
SDK,testing,-0.9271,0.0,-1.503,-0.3512,True
SDK,tool,-0.2374,0.7775,-0.652,0.1772,False
__ALL__,database,0.2551,0.1144,-0.0247,0.5349,False
__ALL__,diagram generator/data visualization,-0.2359,0.6664,-0.6141,0.1422,False
__ALL__,games,-0.2556,0.9888,-0.9493,0.4381,False
__ALL__,middleware,-0.1778,0.2968,-0.4038,0.0483,False
__ALL__,parsers/generators/make,1.5046,0.0,0.9695,2.0397,True
__ALL__,programming language,1.5394,0.0,1.2223,1.8564,True
__ALL__,testing,-0.1309,0.9991,-0.602,0.3403,False
__ALL__,tool,0.5588,0.0,0.3094,0.8083,True
database,diagram generator/data visualization,-0.491,0.0216,-0.9461,-0.0359,True
database,games,-0.5107,0.5055,-1.2491,0.2278,False
database,middleware,-0.4328,0.0018,-0.7723,-0.0934,True
database,parsers/generators/make,1.2495,0.0,0.6575,1.8415,True
database,programming language,1.2843,0.0,0.8785,1.69,True
database,testing,-0.3859,0.4351,-0.9208,0.1489,False
database,tool,0.3038,0.1829,-0.0517,0.6592,False
diagram generator/data visualization,games,-0.0197,1.0,-0.8007,0.7614,False
diagram generator/data visualization,middleware,0.0582,1.0,-0.366,0.4824,False
diagram generator/data visualization,parsers/generators/make,1.7405,0.0,1.0962,2.3848,True
diagram generator/data visualization,programming language,1.7753,0.0,1.2964,2.2542,True
diagram generator/data visualization,testing,0.1051,1.0,-0.4872,0.6974,False
diagram generator/data visualization,tool,0.7948,0.0,0.3577,1.2319,True
games,middleware,0.0778,1.0,-0.642,0.7977,False
games,parsers/generators/make,1.7602,0.0,0.8922,2.6281,True
games,programming language,1.795,0.0,1.0416,2.5483,True
games,testing,0.1247,1.0,-0.7053,0.9548,False
games,tool,0.8144,0.0135,0.0869,1.5419,True
middleware,parsers/generators/make,1.6823,0.0,1.1138,2.2509,True
middleware,programming language,1.7171,0.0,1.3464,2.0879,True
middleware,testing,0.0469,1.0,-0.4619,0.5558,False
middleware,tool,0.7366,0.0,0.4217,1.0515,True
parsers/generators/make,programming language,0.0348,1.0,-0.5757,0.6453,False
parsers/generators/make,testing,-1.6354,0.0,-2.3384,-0.9325,True
parsers/generators/make,tool,-0.9457,0.0,-1.524,-0.3675,True
programming language,testing,-1.6702,0.0,-2.2255,-1.1149,True
programming language,tool,-0.9805,0.0,-1.366,-0.5951,True
testing,tool,0.6897,0.0009,0.17,1.2094,True
3D/graphics/media,IDE,-0.9941,0.0,-1.2863,-0.7018,True
3D/graphics/media,SDK,-0.9366,0.0,-1.2736,-0.5995,True
3D/graphics/media,__ALL__,-0.8527,0.0,-1.1374,-0.5681,True
3D/graphics/media,database,-0.8364,0.0,-1.1528,-0.5201,True
3D/graphics/media,diagram generator/data visualization,-0.8883,0.0,-1.2337,-0.5429,True
3D/graphics/media,games,-0.1264,0.9993,-0.5952,0.3424,False
3D/graphics/media,middleware,-1.0242,0.0,-1.3275,-0.7208,True
3D/graphics/media,parsers/generators/make,-0.5175,0.0016,-0.9199,-0.1152,True
3D/graphics/media,programming language,-0.7522,0.0,-1.0789,-0.4256,True
3D/graphics/media,testing,-0.9453,0.0,-1.3231,-0.5674,True
3D/graphics/media,tool,-0.6026,0.0,-0.9113,-0.2938,True
IDE,SDK,0.0575,0.9989,-0.1454,0.2604,False
IDE,__ALL__,0.1413,0.0,0.0487,0.234,True
IDE,database,0.1576,0.0825,-0.0086,0.3239,False
IDE,diagram generator/data visualization,0.1057,0.911,-0.1107,0.3222,False
IDE,games,0.8677,0.0,0.4838,1.2515,True
IDE,middleware,-0.0301,0.9999,-0.17,0.1098,False
IDE,parsers/generators/make,0.4765,0.0,0.1775,0.7756,True
IDE,programming language,0.2418,0.0012,0.0568,0.4269,True
IDE,testing,0.0488,1.0,-0.2164,0.314,False
IDE,tool,0.3915,0.0,0.2403,0.5427,True
SDK,__ALL__,0.0838,0.9582,-0.108,0.2756,False
SDK,database,0.1001,0.9666,-0.1362,0.3364,False
SDK,diagram generator/data visualization,0.0482,1.0,-0.2258,0.3222,False
SDK,games,0.8102,0.0,0.3912,1.2292,True
SDK,middleware,-0.0876,0.9781,-0.3062,0.1309,False
SDK,parsers/generators/make,0.419,0.0038,0.076,0.762,True
SDK,programming language,0.1843,0.3987,-0.0656,0.4342,False
SDK,testing,-0.0087,1.0,-0.3226,0.3052,False
SDK,tool,0.334,0.0001,0.108,0.56,True
__ALL__,database,0.0163,1.0,-0.1362,0.1688,False
__ALL__,diagram generator/data visualization,-0.0356,1.0,-0.2417,0.1705,False
__ALL__,games,0.7263,0.0,0.3482,1.1044,True
__ALL__,middleware,-0.1714,0.0003,-0.2947,-0.0482,True
__ALL__,parsers/generators/make,0.3352,0.0095,0.0435,0.6268,True
__ALL__,programming language,0.1005,0.7594,-0.0723,0.2733,False
__ALL__,testing,-0.0925,0.9907,-0.3493,0.1643,False
__ALL__,tool,0.2502,0.0,0.1142,0.3861,True
database,diagram generator/data visualization,-0.0519,0.9999,-0.3,0.1961,False
database,games,0.71,0.0,0.3075,1.1125,True
database,middleware,-0.1877,0.043,-0.3728,-0.0027,True
database,parsers/generators/make,0.3189,0.0562,-0.0038,0.6416,False
database,programming language,0.0842,0.9854,-0.137,0.3053,False
database,testing,-0.1088,0.9875,-0.4004,0.1827,False
database,tool,0.2339,0.0046,0.0401,0.4276,True
diagram generator/data visualization,games,0.762,0.0,0.3362,1.1877,True
diagram generator/data visualization,middleware,-0.1358,0.747,-0.367,0.0954,False
diagram generator/data visualization,parsers/generators/make,0.3708,0.0278,0.0196,0.722,True
diagram generator/data visualization,programming language,0.1361,0.8669,-0.1249,0.3971,False
diagram generator/data visualization,testing,-0.0569,1.0,-0.3798,0.2659,False
diagram generator/data visualization,tool,0.2858,0.005,0.0475,0.524,True
games,middleware,-0.8978,0.0,-1.2901,-0.5054,True
games,parsers/generators/make,-0.3912,0.225,-0.8642,0.0819,False
games,programming language,-0.6259,0.0,-1.0365,-0.2152,True
games,testing,-0.8189,0.0,-1.2713,-0.3664,True
games,tool,-0.4762,0.0049,-0.8727,-0.0796,True
middleware,parsers/generators/make,0.5066,0.0,0.1967,0.8165,True
middleware,programming language,0.2719,0.0007,0.0698,0.474,True
middleware,testing,0.0789,0.9988,-0.1985,0.3563,False
middleware,tool,0.4216,0.0,0.25,0.5932,True
parsers/generators/make,programming language,-0.2347,0.4728,-0.5675,0.098,False
parsers/generators/make,testing,-0.4277,0.014,-0.8109,-0.0446,True
parsers/generators/make,tool,-0.085,0.9993,-0.4002,0.2302,False
programming language,testing,-0.193,0.6342,-0.4957,0.1096,False
programming language,tool,0.1497,0.4562,-0.0604,0.3598,False
testing,tool,0.3427,0.0044,0.0595,0.6259,True
3D/graphics/media,IDE,-0.1774,0.0,-0.2696,-0.0852,True
3D/graphics/media,SDK,-0.1226,0.009,-0.2289,-0.0163,True
3D/graphics/media,__ALL__,-0.1296,0.0002,-0.2194,-0.0398,True
3D/graphics/media,database,-0.2194,0.0,-0.3192,-0.1196,True
3D/graphics/media,diagram generator/data visualization,-0.044,0.9769,-0.1529,0.065,False
3D/graphics/media,games,-0.175,0.0062,-0.3229,-0.0271,True
3D/graphics/media,middleware,-0.2006,0.0,-0.2962,-0.1049,True
3D/graphics/media,parsers/generators/make,0.1322,0.0324,0.0053,0.2591,True
3D/graphics/media,programming language,0.2159,0.0,0.1129,0.3189,True
3D/graphics/media,testing,-0.2801,0.0,-0.3992,-0.1609,True
3D/graphics/media,tool,-0.1269,0.0012,-0.2243,-0.0296,True
IDE,SDK,0.0548,0.1808,-0.0092,0.1188,False
IDE,__ALL__,0.0478,0.0,0.0186,0.0771,True
IDE,database,-0.042,0.2699,-0.0945,0.0105,False
IDE,diagram generator/data visualization,0.1335,0.0,0.0652,0.2017,True
IDE,games,0.0024,1.0,-0.1186,0.1235,False
IDE,middleware,-0.0231,0.8622,-0.0673,0.021,False
IDE,parsers/generators/make,0.3096,0.0,0.2153,0.4039,True
IDE,programming language,0.3933,0.0,0.335,0.4517,True
IDE,testing,-0.1026,0.0035,-0.1863,-0.019,True
IDE,tool,0.0505,0.027,0.0028,0.0982,True
SDK,__ALL__,-0.0069,1.0,-0.0674,0.0536,False
SDK,database,-0.0968,0.0013,-0.1713,-0.0222,True
SDK,diagram generator/data visualization,0.0787,0.1158,-0.0077,0.1651,False
SDK,games,-0.0524,0.98,-0.1845,0.0798,False
SDK,middleware,-0.0779,0.0119,-0.1469,-0.009,True
SDK,parsers/generators/make,0.2548,0.0,0.1466,0.363,True
SDK,programming language,0.3385,0.0,0.2597,0.4174,True
SDK,testing,-0.1574,0.0,-0.2564,-0.0584,True
SDK,tool,-0.0043,1.0,-0.0756,0.067,False
__ALL__,database,-0.0899,0.0,-0.138,-0.0417,True
__ALL__,diagram generator/data visualization,0.0856,0.001,0.0206,0.1506,True
__ALL__,games,-0.0454,0.9853,-0.1647,0.0738,False
__ALL__,middleware,-0.071,0.0,-0.1099,-0.0321,True
__ALL__,parsers/generators/make,0.2618,0.0,0.1698,0.3538,True
__ALL__,programming language,0.3455,0.0,0.291,0.4,True
__ALL__,testing,-0.1505,0.0,-0.2315,-0.0695,True
__ALL__,tool,0.0026,1.0,-0.0402,0.0455,False
database,diagram generator/data visualization,0.1755,0.0,0.0972,0.2537,True
database,games,0.0444,0.9927,-0.0825,0.1714,False
database,middleware,0.0189,0.9963,-0.0395,0.0772,False
database,parsers/generators/make,0.3516,0.0,0.2498,0.4534,True
database,programming language,0.4353,0.0,0.3656,0.5051,True
database,testing,-0.0606,0.583,-0.1526,0.0313,False
database,tool,0.0925,0.0,0.0314,0.1536,True
diagram generator/data visualization,games,-0.131,0.0635,-0.2653,0.0032,False
diagram generator/data visualization,middleware,-0.1566,0.0,-0.2295,-0.0837,True
diagram generator/data visualization,parsers/generators/make,0.1762,0.0,0.0654,0.2869,True
diagram generator/data visualization,programming language,0.2599,0.0,0.1775,0.3422,True
diagram generator/data visualization,testing,-0.2361,0.0,-0.3379,-0.1343,True
diagram generator/data visualization,tool,-0.083,0.0162,-0.1581,-0.0078,True
games,middleware,-0.0256,0.9999,-0.1493,0.0982,False
games,parsers/generators/make,0.3072,0.0,0.158,0.4564,True
games,programming language,0.3909,0.0,0.2614,0.5204,True
games,testing,-0.1051,0.4016,-0.2478,0.0376,False
games,tool,0.0481,0.9842,-0.077,0.1731,False
middleware,parsers/generators/make,0.3328,0.0,0.235,0.4305,True
middleware,programming language,0.4165,0.0,0.3527,0.4802,True
middleware,testing,-0.0795,0.1174,-0.167,0.008,False
middleware,tool,0.0736,0.0005,0.0195,0.1278,True
parsers/generators/make,programming language,0.0837,0.2756,-0.0212,0.1887,False
parsers/generators/make,testing,-0.4123,0.0,-0.5331,-0.2914,True
parsers/generators/make,tool,-0.2591,0.0,-0.3585,-0.1597,True
programming language,testing,-0.496,0.0,-0.5914,-0.4005,True
programming language,tool,-0.3428,0.0,-0.4091,-0.2766,True
testing,tool,0.1531,0.0,0.0638,0.2425,True
3D/graphics/media,IDE,-0.1181,0.0,-0.1387,-0.0975,True
3D/graphics/media,SDK,-0.2989,0.0,-0.322,-0.2757,True
3D/graphics/media,__ALL__,-0.1501,0.0,-0.1701,-0.1301,True
3D/graphics/media,database,-0.161,0.0,-0.1831,-0.1389,True
3D/graphics/media,diagram generator/data visualization,-0.2563,0.0,-0.2806,-0.2319,True
3D/graphics/media,games,-0.1848,0.0,-0.2178,-0.1519,True
3D/graphics/media,middleware,-0.2316,0.0,-0.253,-0.2103,True
3D/graphics/media,parsers/generators/make,-0.1549,0.0,-0.1816,-0.1282,True
3D/graphics/media,programming language,0.1247,0.0,0.1025,0.1469,True
3D/graphics/media,testing,-0.2659,0.0,-0.2924,-0.2394,True
3D/graphics/media,tool,-0.1962,0.0,-0.2177,-0.1747,True
IDE,SDK,-0.1808,0.0,-0.1943,-0.1674,True
IDE,__ALL__,-0.032,0.0,-0.0387,-0.0253,True
IDE,database,-0.0429,0.0,-0.0544,-0.0314,True
IDE,diagram generator/data visualization,-0.1382,0.0,-0.1536,-0.1227,True
IDE,games,-0.0668,0.0,-0.0938,-0.0397,True
IDE,middleware,-0.1135,0.0,-0.1235,-0.1036,True
IDE,parsers/generators/make,-0.0368,0.0,-0.0557,-0.0179,True
IDE,programming language,0.2428,0.0,0.2311,0.2545,True
IDE,testing,-0.1478,0.0,-0.1664,-0.1293,True
IDE,tool,-0.0781,0.0,-0.0884,-0.0678,True
SDK,__ALL__,0.1488,0.0,0.1363,0.1613,True
SDK,database,0.1379,0.0,0.1223,0.1535,True
SDK,diagram generator/data visualization,0.0426,0.0,0.0239,0.0614,True
SDK,games,0.114,0.0,0.085,0.1431,True
SDK,middleware,0.0673,0.0,0.0527,0.0818,True
SDK,parsers/generators/make,0.144,0.0,0.1223,0.1656,True
SDK,programming language,0.4236,0.0,0.4078,0.4394,True
SDK,testing,0.033,0.0,0.0116,0.0543,True
SDK,tool,0.1027,0.0,0.088,0.1175,True
__ALL__,database,-0.0109,0.0284,-0.0213,-0.0006,True
__ALL__,diagram generator/data visualization,-0.1062,0.0,-0.1208,-0.0915,True
__ALL__,games,-0.0348,0.0012,-0.0614,-0.0082,True
__ALL__,middleware,-0.0816,0.0,-0.0902,-0.0729,True
__ALL__,parsers/generators/make,-0.0048,0.9994,-0.0231,0.0134,False
__ALL__,programming language,0.2748,0.0,0.2642,0.2854,True
__ALL__,testing,-0.1159,0.0,-0.1338,-0.0979,True
__ALL__,tool,-0.0461,0.0,-0.0551,-0.0371,True
database,diagram generator/data visualization,-0.0952,0.0,-0.1126,-0.0778,True
database,games,-0.0238,0.1964,-0.052,0.0044,False
database,middleware,-0.0706,0.0,-0.0834,-0.0579,True
database,parsers/generators/make,0.0061,0.9983,-0.0144,0.0266,False
database,programming language,0.2857,0.0,0.2716,0.2999,True
database,testing,-0.1049,0.0,-0.1251,-0.0847,True
database,tool,-0.0352,0.0,-0.0482,-0.0222,True
diagram generator/data visualization,games,0.0714,0.0,0.0414,0.1015,True
diagram generator/data visualization,middleware,0.0246,0.0001,0.0082,0.0411,True
diagram generator/data visualization,parsers/generators/make,0.1013,0.0,0.0784,0.1243,True
diagram generator/data visualization,programming language,0.381,0.0,0.3634,0.3985,True
diagram generator/data visualization,testing,-0.0097,0.9654,-0.0324,0.013,False
diagram generator/data visualization,tool,0.0601,0.0,0.0435,0.0767,True
games,middleware,-0.0468,0.0,-0.0744,-0.0192,True
games,parsers/generators/make,0.0299,0.0914,-0.002,0.0619,False
games,programming language,0.3096,0.0,0.2813,0.3378,True
games,testing,-0.0811,0.0,-0.1128,-0.0493,True
games,tool,-0.0113,0.9746,-0.0391,0.0164,False
middleware,parsers/generators/make,0.0767,0.0,0.057,0.0964,True
middleware,programming language,0.3563,0.0,0.3434,0.3693,True
middleware,testing,-0.0343,0.0,-0.0537,-0.0149,True
middleware,tool,0.0354,0.0,0.0238,0.0471,True
parsers/generators/make,programming language,0.2796,0.0,0.259,0.3002,True
parsers/generators/make,testing,-0.111,0.0,-0.1362,-0.0858,True
parsers/generators/make,tool,-0.0413,0.0,-0.0611,-0.0214,True
programming language,testing,-0.3906,0.0,-0.411,-0.3703,True
programming language,tool,-0.3209,0.0,-0.3341,-0.3077,True
testing,tool,0.0697,0.0,0.0502,0.0893,True
3D/graphics/media,IDE,0.1102,0.8905,-0.1081,0.3285,False
3D/graphics/media,SDK,0.1248,0.9024,-0.127,0.3765,False
3D/graphics/media,__ALL__,0.0816,0.9844,-0.131,0.2942,False
3D/graphics/media,database,0.0081,1.0,-0.2281,0.2444,False
3D/graphics/media,diagram generator/data visualization,-0.1287,0.8982,-0.3867,0.1293,False
3D/graphics/media,games,0.044,1.0,-0.3062,0.3941,False
3D/graphics/media,middleware,-0.0554,0.9997,-0.2819,0.1712,False
3D/graphics/media,parsers/generators/make,0.0481,1.0,-0.2524,0.3486,False
3D/graphics/media,programming language,0.4352,0.0,0.1912,0.6791,True
3D/graphics/media,testing,0.0407,1.0,-0.2415,0.3229,False
3D/graphics/media,tool,0.1326,0.7722,-0.098,0.3632,False
IDE,SDK,0.0146,1.0,-0.137,0.1661,False
IDE,__ALL__,-0.0286,0.9725,-0.0978,0.0406,False
IDE,database,-0.1021,0.233,-0.2262,0.0221,False
IDE,diagram generator/data visualization,-0.2389,0.0001,-0.4006,-0.0772,True
IDE,games,-0.0662,0.9998,-0.3529,0.2205,False
IDE,middleware,-0.1656,0.0,-0.27,-0.0611,True
IDE,parsers/generators/make,-0.0621,0.9991,-0.2855,0.1612,False
IDE,programming language,0.325,0.0,0.1868,0.4632,True
IDE,testing,-0.0695,0.9925,-0.2676,0.1285,False
IDE,tool,0.0224,1.0,-0.0905,0.1354,False
SDK,__ALL__,-0.0431,0.998,-0.1864,0.1001,False
SDK,database,-0.1166,0.5795,-0.2931,0.0599,False
SDK,diagram generator/data visualization,-0.2534,0.003,-0.4581,-0.0488,True
SDK,games,-0.0808,0.9995,-0.3937,0.2321,False
SDK,middleware,-0.1801,0.0163,-0.3434,-0.0169,True
SDK,parsers/generators/make,-0.0767,0.9981,-0.3329,0.1795,False
SDK,programming language,0.3104,0.0,0.1238,0.497,True
SDK,testing,-0.0841,0.991,-0.3185,0.1504,False
SDK,tool,0.0079,1.0,-0.1609,0.1766,False
__ALL__,database,-0.0735,0.6168,-0.1874,0.0404,False
__ALL__,diagram generator/data visualization,-0.2103,0.0005,-0.3642,-0.0564,True
__ALL__,games,-0.0376,1.0,-0.32,0.2447,False
__ALL__,middleware,-0.137,0.0001,-0.229,-0.045,True
__ALL__,parsers/generators/make,-0.0335,1.0,-0.2514,0.1843,False
__ALL__,programming language,0.3535,0.0,0.2245,0.4826,True
__ALL__,testing,-0.0409,0.9999,-0.2327,0.1509,False
__ALL__,tool,0.051,0.8937,-0.0505,0.1525,False
database,diagram generator/data visualization,-0.1368,0.3964,-0.3221,0.0484,False
database,games,0.0358,1.0,-0.2648,0.3365,False
database,middleware,-0.0635,0.9405,-0.2017,0.0747,False
database,parsers/generators/make,0.0399,1.0,-0.2011,0.2809,False
database,programming language,0.427,0.0,0.2618,0.5922,True
database,testing,0.0325,1.0,-0.1852,0.2503,False
database,tool,0.1245,0.1749,-0.0202,0.2692,False
diagram generator/data visualization,games,0.1727,0.832,-0.1453,0.4906,False
diagram generator/data visualization,middleware,0.0733,0.9661,-0.0994,0.246,False
diagram generator/data visualization,parsers/generators/make,0.1768,0.5479,-0.0855,0.4391,False
diagram generator/data visualization,programming language,0.5639,0.0,0.3689,0.7588,True
diagram generator/data visualization,testing,0.1694,0.4796,-0.0717,0.4105,False
diagram generator/data visualization,tool,0.2613,0.0001,0.0834,0.4392,True
games,middleware,-0.0993,0.9944,-0.3924,0.1937,False
games,parsers/generators/make,0.0041,1.0,-0.3492,0.3574,False
games,programming language,0.3912,0.0018,0.0845,0.6979,True
games,testing,-0.0033,1.0,-0.3412,0.3346,False
games,tool,0.0886,0.9981,-0.2075,0.3848,False
middleware,parsers/generators/make,0.1034,0.951,-0.128,0.3349,False
middleware,programming language,0.4905,0.0,0.3396,0.6415,True
middleware,testing,0.096,0.9368,-0.1111,0.3032,False
middleware,tool,0.188,0.0001,0.0598,0.3162,True
parsers/generators/make,programming language,0.3871,0.0,0.1386,0.6356,True
parsers/generators/make,testing,-0.0074,1.0,-0.2936,0.2788,False
parsers/generators/make,tool,0.0846,0.9909,-0.1509,0.32,False
programming language,testing,-0.3945,0.0,-0.6205,-0.1684,True
programming language,tool,-0.3025,0.0,-0.4595,-0.1456,True
testing,tool,0.0919,0.9598,-0.1196,0.3035,False
3D/graphics/media,IDE,0.2262,0.9787,-0.3403,0.7928,False
3D/graphics/media,SDK,0.1245,1.0,-0.5289,0.7779,False
3D/graphics/media,__ALL__,0.2059,0.9876,-0.3459,0.7577,False
3D/graphics/media,database,0.011,1.0,-0.6023,0.6243,False
3D/graphics/media,diagram generator/data visualization,-0.1536,0.9999,-0.8232,0.516,False
3D/graphics/media,games,0.5109,0.7974,-0.3979,1.4198,False
3D/graphics/media,middleware,-0.0704,1.0,-0.6584,0.5176,False
3D/graphics/media,parsers/generators/make,1.6938,0.0,0.9138,2.4738,True
3D/graphics/media,programming language,0.924,0.0001,0.2909,1.5572,True
3D/graphics/media,testing,-0.0016,1.0,-0.7341,0.7308,False
3D/graphics/media,tool,0.1788,0.9982,-0.4196,0.7773,False
IDE,SDK,-0.1017,0.9995,-0.4951,0.2916,False
IDE,__ALL__,-0.0203,1.0,-0.1999,0.1593,False
IDE,database,-0.2152,0.5625,-0.5375,0.107,False
IDE,diagram generator/data visualization,-0.3799,0.1211,-0.7995,0.0398,False
IDE,games,0.2847,0.9848,-0.4594,1.0288,False
IDE,middleware,-0.2966,0.0182,-0.5678,-0.0255,True
IDE,parsers/generators/make,1.4676,0.0,0.8878,2.0474,True
IDE,programming language,0.6978,0.0,0.3391,1.0565,True
IDE,testing,-0.2279,0.9538,-0.742,0.2862,False
IDE,tool,-0.0474,1.0,-0.3405,0.2457,False
SDK,__ALL__,0.0814,0.9999,-0.2904,0.4532,False
SDK,database,-0.1135,0.9997,-0.5716,0.3446,False
SDK,diagram generator/data visualization,-0.2781,0.8635,-0.8092,0.253,False
SDK,games,0.3864,0.9249,-0.4258,1.1986,False
SDK,middleware,-0.1949,0.9401,-0.6186,0.2288,False
SDK,parsers/generators/make,1.5693,0.0,0.9044,2.2342,True
SDK,programming language,0.7995,0.0,0.3151,1.284,True
SDK,testing,-0.1262,0.9999,-0.7347,0.4824,False
SDK,tool,0.0543,1.0,-0.3838,0.4924,False
__ALL__,database,-0.1949,0.5829,-0.4905,0.1007,False
__ALL__,diagram generator/data visualization,-0.3595,0.1267,-0.7591,0.04,False
__ALL__,games,0.305,0.9708,-0.4279,1.038,False
__ALL__,middleware,-0.2763,0.0086,-0.5152,-0.0375,True
__ALL__,parsers/generators/make,1.4879,0.0,0.9225,2.0533,True
__ALL__,programming language,0.7181,0.0,0.3832,1.0531,True
__ALL__,testing,-0.2076,0.9704,-0.7054,0.2902,False
__ALL__,tool,-0.0271,1.0,-0.2906,0.2364,False
database,diagram generator/data visualization,-0.1646,0.9939,-0.6455,0.3162,False
database,games,0.4999,0.6273,-0.2803,1.2802,False
database,middleware,-0.0814,0.9999,-0.4401,0.2773,False
database,parsers/generators/make,1.6828,0.0,1.0573,2.3083,True
database,programming language,0.913,0.0,0.4843,1.3418,True
database,testing,-0.0127,1.0,-0.5778,0.5525,False
database,tool,0.1678,0.9511,-0.2078,0.5434,False
diagram generator/data visualization,games,0.6646,0.2617,-0.1607,1.4898,False
diagram generator/data visualization,middleware,0.0832,1.0,-0.365,0.5314,False
diagram generator/data visualization,parsers/generators/make,1.8475,0.0,1.1666,2.5283,True
diagram generator/data visualization,programming language,1.0777,0.0,0.5717,1.5837,True
diagram generator/data visualization,testing,0.152,0.9997,-0.4738,0.7778,False
diagram generator/data visualization,tool,0.3325,0.439,-0.1294,0.7943,False
games,middleware,-0.5813,0.3411,-1.3419,0.1792,False
games,parsers/generators/make,1.1829,0.0015,0.2658,2.1,True
games,programming language,0.4131,0.8705,-0.3829,1.2091,False
games,testing,-0.5126,0.7533,-1.3897,0.3645,False
games,tool,-0.3321,0.9615,-1.1008,0.4366,False
middleware,parsers/generators/make,1.7642,0.0,1.1634,2.365,True
middleware,programming language,0.9944,0.0,0.6027,1.3862,True
middleware,testing,0.0687,1.0,-0.4689,0.6064,False
middleware,tool,0.2492,0.3736,-0.0835,0.582,False
parsers/generators/make,programming language,-0.7698,0.0054,-1.4148,-0.1247,True
parsers/generators/make,testing,-1.6955,0.0,-2.4382,-0.9527,True
parsers/generators/make,tool,-1.515,0.0,-2.126,-0.904,True
programming language,testing,-0.9257,0.0,-1.5124,-0.339,True
programming language,tool,-0.7452,0.0,-1.1525,-0.3379,True
testing,tool,0.1805,0.9957,-0.3686,0.7296,False
3D/graphics/media,IDE,-1.26,0.7306,-3.377,0.857,False
3D/graphics/media,SDK,-1.343,0.8198,-3.7846,1.0986,False
3D/graphics/media,__ALL__,-0.7823,0.9858,-2.8443,1.2796,False
3D/graphics/media,database,-1.353,0.7407,-3.6446,0.9385,False
3D/graphics/media,diagram generator/data visualization,-3.3762,0.0006,-5.8782,-0.8742,True
3D/graphics/media,games,4.5963,0.0006,1.2004,7.9922,True
3D/graphics/media,middleware,-3.5044,0.0,-5.7016,-1.3071,True
3D/graphics/media,parsers/generators/make,3.8446,0.001,0.93,6.7591,True
3D/graphics/media,programming language,5.1982,0.0,2.8322,7.5642,True
3D/graphics/media,testing,-1.3665,0.8977,-4.1036,1.3705,False
3D/graphics/media,tool,0.512,0.9999,-1.7243,2.7482,False
IDE,SDK,-0.083,1.0,-1.5527,1.3868,False
IDE,__ALL__,0.4777,0.4576,-0.1934,1.1487,False
IDE,database,-0.093,1.0,-1.2972,1.1112,False
IDE,diagram generator/data visualization,-2.1162,0.0006,-3.6842,-0.5482,True
IDE,games,5.8563,0.0,3.0759,8.6367,True
IDE,middleware,-2.2443,0.0,-3.2575,-1.2312,True
IDE,parsers/generators/make,5.1046,0.0,2.9382,7.2709,True
IDE,programming language,6.4582,0.0,5.1179,7.7986,True
IDE,testing,-0.1065,1.0,-2.0275,1.8144,False
IDE,tool,1.772,0.0,0.6767,2.8672,True
SDK,__ALL__,0.5607,0.9769,-0.8287,1.95,False
SDK,database,-0.01,1.0,-1.7218,1.7017,False
SDK,diagram generator/data visualization,-2.0332,0.0389,-4.0178,-0.0486,True
SDK,games,5.9393,0.0,2.9044,8.9742,True
SDK,middleware,-2.1613,0.0005,-3.7445,-0.5782,True
SDK,parsers/generators/make,5.1876,0.0,2.703,7.6721,True
SDK,programming language,6.5412,0.0,4.7311,8.3513,True
SDK,testing,-0.0235,1.0,-2.2973,2.2502,False
SDK,tool,1.855,0.0115,0.218,3.4919,True
__ALL__,database,-0.5707,0.8739,-1.6753,0.5339,False
__ALL__,diagram generator/data visualization,-2.5939,0.0,-4.0867,-1.101,True
__ALL__,games,5.3786,0.0,2.6398,8.1174,True
__ALL__,middleware,-2.722,0.0,-3.6145,-1.8296,True
__ALL__,parsers/generators/make,4.6269,0.0,2.5143,6.7395,True
__ALL__,programming language,5.9805,0.0,4.7289,7.2322,True
__ALL__,testing,-0.5842,0.9971,-2.4443,1.2759,False
__ALL__,tool,1.2943,0.0011,0.3095,2.279,True
database,diagram generator/data visualization,-2.0231,0.0125,-3.8199,-0.2263,True
database,games,5.9493,0.0,3.0337,8.8649,True
database,middleware,-2.1513,0.0,-3.4915,-0.8111,True
database,parsers/generators/make,5.1976,0.0,2.8603,7.5349,True
database,programming language,6.5513,0.0,4.9493,8.1532,True
database,testing,-0.0135,1.0,-2.1253,2.0984,False
database,tool,1.865,0.0009,0.4616,3.2684,True
diagram generator/data visualization,games,7.9725,0.0,4.8888,11.0562,True
diagram generator/data visualization,middleware,-0.1282,1.0,-1.8029,1.5466,False
diagram generator/data visualization,parsers/generators/make,7.2208,0.0,4.6768,9.7647,True
diagram generator/data visualization,programming language,8.5744,0.0,6.6836,10.4651,True
diagram generator/data visualization,testing,2.0097,0.1762,-0.3288,4.3481,False
diagram generator/data visualization,tool,3.8881,0.0,2.1624,5.6138,True
games,middleware,-8.1006,0.0,-10.9426,-5.2586,True
games,parsers/generators/make,-0.7517,0.9999,-4.1786,2.6752,False
games,programming language,0.6019,1.0,-2.3725,3.5763,False
games,testing,-5.9628,0.0,-9.2401,-2.6855,True
games,tool,-4.0843,0.0002,-6.9566,-1.212,True
middleware,parsers/generators/make,7.3489,0.0,5.1041,9.5938,True
middleware,programming language,8.7026,0.0,7.2388,10.1664,True
middleware,testing,2.1378,0.0254,0.1288,4.1469,True
middleware,tool,4.0163,0.0,2.773,5.2596,True
parsers/generators/make,programming language,1.3536,0.7986,-1.0566,3.7639,False
parsers/generators/make,testing,-5.2111,0.0,-7.9865,-2.4357,True
parsers/generators/make,tool,-3.3326,0.0001,-5.6157,-1.0495,True
programming language,testing,-6.5647,0.0,-8.7571,-4.3724,True
programming language,tool,-4.6863,0.0,-6.2081,-3.1644,True
testing,tool,1.8785,0.1107,-0.1732,3.9302,False
3D/graphics/media,IDE,-0.3197,0.0,-0.3861,-0.2533,True
3D/graphics/media,SDK,-0.0267,0.9929,-0.1033,0.0499,False
3D/graphics/media,__ALL__,-0.2132,0.0,-0.2779,-0.1485,True
3D/graphics/media,database,-0.3902,0.0,-0.462,-0.3183,True
3D/graphics/media,diagram generator/data visualization,0.115,0.0001,0.0366,0.1935,True
3D/graphics/media,games,0.9657,0.0,0.8591,1.0722,True
3D/graphics/media,middleware,-0.2915,0.0,-0.3604,-0.2226,True
3D/graphics/media,parsers/generators/make,-0.1299,0.0002,-0.2213,-0.0384,True
3D/graphics/media,programming language,-0.4414,0.0,-0.5156,-0.3672,True
3D/graphics/media,testing,-0.1301,0.0,-0.216,-0.0442,True
3D/graphics/media,tool,-0.0149,0.9999,-0.0851,0.0552,False
IDE,SDK,0.293,0.0,0.2469,0.3391,True
IDE,__ALL__,0.1065,0.0,0.0855,0.1276,True
IDE,database,-0.0704,0.0,-0.1082,-0.0326,True
IDE,diagram generator/data visualization,0.4348,0.0,0.3856,0.4839,True
IDE,games,1.2854,0.0,1.1982,1.3726,True
IDE,middleware,0.0282,0.1404,-0.0036,0.06,False
IDE,parsers/generators/make,0.1899,0.0,0.1219,0.2578,True
IDE,programming language,-0.1217,0.0,-0.1637,-0.0796,True
IDE,testing,0.1896,0.0,0.1294,0.2499,True
IDE,tool,0.3048,0.0,0.2705,0.3392,True
SDK,__ALL__,-0.1865,0.0,-0.2301,-0.1429,True
SDK,database,-0.3634,0.0,-0.4171,-0.3097,True
SDK,diagram generator/data visualization,0.1417,0.0,0.0795,0.204,True
SDK,games,0.9924,0.0,0.8972,1.0876,True
SDK,middleware,-0.2648,0.0,-0.3145,-0.2151,True
SDK,parsers/generators/make,-0.1032,0.0009,-0.1811,-0.0252,True
SDK,programming language,-0.4147,0.0,-0.4715,-0.3579,True
SDK,testing,-0.1034,0.0001,-0.1747,-0.0321,True
SDK,tool,0.0118,0.9998,-0.0395,0.0631,False
__ALL__,database,-0.177,0.0,-0.2116,-0.1423,True
__ALL__,diagram generator/data visualization,0.3282,0.0,0.2814,0.3751,True
__ALL__,games,1.1789,0.0,1.0929,1.2648,True
__ALL__,middleware,-0.0783,0.0,-0.1063,-0.0503,True
__ALL__,parsers/generators/make,0.0833,0.0023,0.0171,0.1496,True
__ALL__,programming language,-0.2282,0.0,-0.2675,-0.1889,True
__ALL__,testing,0.0831,0.0002,0.0247,0.1414,True
__ALL__,tool,0.1983,0.0,0.1674,0.2292,True
database,diagram generator/data visualization,0.5052,0.0,0.4488,0.5616,True
database,games,1.3558,0.0,1.2644,1.4473,True
database,middleware,0.0986,0.0,0.0566,0.1407,True
database,parsers/generators/make,0.2603,0.0,0.187,0.3336,True
database,programming language,-0.0512,0.041,-0.1015,-0.001,True
database,testing,0.2601,0.0,0.1938,0.3263,True
database,tool,0.3752,0.0,0.3312,0.4193,True
diagram generator/data visualization,games,0.8506,0.0,0.7539,0.9474,True
diagram generator/data visualization,middleware,-0.4065,0.0,-0.4591,-0.354,True
diagram generator/data visualization,parsers/generators/make,-0.2449,0.0,-0.3247,-0.1651,True
diagram generator/data visualization,programming language,-0.5564,0.0,-0.6157,-0.4971,True
diagram generator/data visualization,testing,-0.2451,0.0,-0.3185,-0.1718,True
diagram generator/data visualization,tool,-0.1299,0.0,-0.1841,-0.0758,True
games,middleware,-1.2572,0.0,-1.3463,-1.168,True
games,parsers/generators/make,-1.0955,0.0,-1.203,-0.988,True
games,programming language,-1.4071,0.0,-1.5003,-1.3138,True
games,testing,-1.0958,0.0,-1.1986,-0.993,True
games,tool,-0.9806,0.0,-1.0707,-0.8905,True
middleware,parsers/generators/make,0.1616,0.0,0.0912,0.2321,True
middleware,programming language,-0.1499,0.0,-0.1958,-0.104,True
middleware,testing,0.1614,0.0,0.0984,0.2244,True
middleware,tool,0.2766,0.0,0.2376,0.3156,True
parsers/generators/make,programming language,-0.3115,0.0,-0.3871,-0.2359,True
parsers/generators/make,testing,-0.0002,1.0,-0.0873,0.0868,False
parsers/generators/make,tool,0.115,0.0,0.0433,0.1866,True
programming language,testing,0.3113,0.0,0.2425,0.3801,True
programming language,tool,0.4265,0.0,0.3787,0.4742,True
testing,tool,0.1152,0.0,0.0508,0.1795,True
3D/graphics/media,IDE,0.0654,1.0,-1.4323,1.563,False
3D/graphics/media,SDK,-0.0604,1.0,-1.7877,1.667,False
3D/graphics/media,__ALL__,0.1967,1.0,-1.262,1.6555,False
3D/graphics/media,database,0.0787,1.0,-1.5427,1.7001,False
3D/graphics/media,diagram generator/data visualization,-0.0361,1.0,-1.8062,1.7339,False
3D/graphics/media,games,0.0631,1.0,-2.3393,2.4655,False
3D/graphics/media,middleware,-0.0047,1.0,-1.5591,1.5498,False
3D/graphics/media,parsers/generators/make,0.1907,1.0,-1.8712,2.2525,False
3D/graphics/media,programming language,2.1393,0.0018,0.4655,3.8131,True
3D/graphics/media,testing,0.0189,1.0,-1.9174,1.9552,False
3D/graphics/media,tool,0.0447,1.0,-1.5374,1.6267,False
IDE,SDK,-0.1257,1.0,-1.1655,0.9141,False
IDE,__ALL__,0.1314,0.9991,-0.3435,0.6062,False
IDE,database,0.0133,1.0,-0.839,0.8657,False
IDE,diagram generator/data visualization,-0.1015,1.0,-1.2108,1.0078,False
IDE,games,-0.0022,1.0,-1.9693,1.9648,False
IDE,middleware,-0.07,1.0,-0.7869,0.6468,False
IDE,parsers/generators/make,0.1253,1.0,-1.4073,1.6579,False
IDE,programming language,2.0739,0.0,1.1256,3.0222,True
IDE,testing,-0.0465,1.0,-1.4055,1.3125,False
IDE,tool,-0.0207,1.0,-0.7956,0.7542,False
SDK,__ALL__,0.2571,0.9995,-0.7258,1.24,False
SDK,database,0.1391,1.0,-1.0722,1.3503,False
SDK,diagram generator/data visualization,0.0242,1.0,-1.3798,1.4282,False
SDK,games,0.1235,1.0,-2.0236,2.2705,False
SDK,middleware,0.0557,1.0,-1.0643,1.1757,False
SDK,parsers/generators/make,0.251,1.0,-1.5067,2.0087,False
SDK,programming language,2.1996,0.0,0.9191,3.4802,True
SDK,testing,0.0792,1.0,-1.5293,1.6878,False
SDK,tool,0.105,1.0,-1.053,1.2631,False
__ALL__,database,-0.118,1.0,-0.8999,0.6638,False
__ALL__,diagram generator/data visualization,-0.2329,0.9999,-1.289,0.8233,False
__ALL__,games,-0.1336,1.0,-2.0712,1.8039,False
__ALL__,middleware,-0.2014,0.9967,-0.8328,0.4301,False
__ALL__,parsers/generators/make,-0.0061,1.0,-1.5007,1.4885,False
__ALL__,programming language,1.9425,0.0,1.057,2.828,True
__ALL__,testing,-0.1779,1.0,-1.4938,1.1381,False
__ALL__,tool,-0.1521,0.9999,-0.8487,0.5446,False
database,diagram generator/data visualization,-0.1148,1.0,-1.3862,1.1566,False
database,games,-0.0156,1.0,-2.0784,2.0472,False
database,middleware,-0.0834,1.0,-1.0319,0.8652,False
database,parsers/generators/make,0.112,1.0,-1.5418,1.7657,False
database,programming language,2.0606,0.0,0.9269,3.1942,True
database,testing,-0.0598,1.0,-1.5541,1.4344,False
database,tool,-0.034,1.0,-1.0272,0.9591,False
diagram generator/data visualization,games,0.0992,1.0,-2.0823,2.2808,False
diagram generator/data visualization,middleware,0.0315,1.0,-1.1534,1.2163,False
diagram generator/data visualization,parsers/generators/make,0.2268,1.0,-1.5729,2.0265,False
diagram generator/data visualization,programming language,2.1754,0.0,0.8378,3.513,True
diagram generator/data visualization,testing,0.055,1.0,-1.5993,1.7093,False
diagram generator/data visualization,tool,0.0808,1.0,-1.14,1.3016,False
games,middleware,-0.0678,1.0,-2.0784,1.9428,False
games,parsers/generators/make,0.1275,1.0,-2.2968,2.5519,False
games,programming language,2.0761,0.0571,-0.0281,4.1804,False
games,testing,-0.0442,1.0,-2.3627,2.2743,False
games,tool,-0.0184,1.0,-2.0505,2.0136,False
middleware,parsers/generators/make,0.1953,1.0,-1.3928,1.7834,False
middleware,programming language,2.1439,0.0,1.1083,3.1795,True
middleware,testing,0.0235,1.0,-1.3978,1.4448,False
middleware,tool,0.0493,1.0,-0.8303,0.9289,False
parsers/generators/make,programming language,1.9486,0.0102,0.2435,3.6537,True
parsers/generators/make,testing,-0.1718,1.0,-2.1352,1.7917,False
parsers/generators/make,tool,-0.146,1.0,-1.7611,1.4692,False
programming language,testing,-2.1204,0.0005,-3.6713,-0.5694,True
programming language,tool,-2.0946,0.0,-3.1712,-1.018,True
testing,tool,0.0258,1.0,-1.4257,1.4773,False
3D/graphics/media,IDE,-0.0336,0.0,-0.0462,-0.0209,True
3D/graphics/media,SDK,-0.0665,0.0,-0.0811,-0.0519,True
3D/graphics/media,__ALL__,-0.0267,0.0,-0.039,-0.0143,True
3D/graphics/media,database,-0.0125,0.1175,-0.0262,0.0013,False
3D/graphics/media,diagram generator/data visualization,-0.0248,0.0,-0.0397,-0.0098,True
3D/graphics/media,games,-0.042,0.0,-0.0623,-0.0217,True
3D/graphics/media,middleware,-0.0268,0.0,-0.04,-0.0137,True
3D/graphics/media,parsers/generators/make,0.0008,1.0,-0.0166,0.0183,False
3D/graphics/media,programming language,-0.033,0.0,-0.0472,-0.0188,True
3D/graphics/media,testing,-0.0405,0.0,-0.0569,-0.0241,True
3D/graphics/media,tool,-0.0039,0.9986,-0.0173,0.0095,False
IDE,SDK,-0.0329,0.0,-0.0417,-0.0241,True
IDE,__ALL__,0.0069,0.0,0.0029,0.0109,True
IDE,database,0.0211,0.0,0.0139,0.0283,True
IDE,diagram generator/data visualization,0.0088,0.0925,-0.0006,0.0182,False
IDE,games,-0.0084,0.8868,-0.0251,0.0082,False
IDE,middleware,0.0067,0.0152,0.0007,0.0128,True
IDE,parsers/generators/make,0.0344,0.0,0.0214,0.0473,True
IDE,programming language,0.0005,1.0,-0.0075,0.0086,False
IDE,testing,-0.0069,0.7111,-0.0184,0.0046,False
IDE,tool,0.0297,0.0,0.0231,0.0362,True
SDK,__ALL__,0.0398,0.0,0.0315,0.0481,True
SDK,database,0.054,0.0,0.0438,0.0643,True
SDK,diagram generator/data visualization,0.0417,0.0,0.0298,0.0536,True
SDK,games,0.0245,0.0007,0.0063,0.0426,True
SDK,middleware,0.0396,0.0,0.0302,0.0491,True
SDK,parsers/generators/make,0.0673,0.0,0.0524,0.0821,True
SDK,programming language,0.0335,0.0,0.0226,0.0443,True
SDK,testing,0.026,0.0,0.0124,0.0396,True
SDK,tool,0.0626,0.0,0.0528,0.0724,True
__ALL__,database,0.0142,0.0,0.0076,0.0208,True
__ALL__,diagram generator/data visualization,0.0019,0.9999,-0.007,0.0108,False
__ALL__,games,-0.0153,0.0926,-0.0317,0.0011,False
__ALL__,middleware,-0.0002,1.0,-0.0055,0.0052,False
__ALL__,parsers/generators/make,0.0275,0.0,0.0148,0.0401,True
__ALL__,programming language,-0.0063,0.1939,-0.0138,0.0011,False
__ALL__,testing,-0.0138,0.0028,-0.025,-0.0027,True
__ALL__,tool,0.0228,0.0,0.0169,0.0287,True
database,diagram generator/data visualization,-0.0123,0.01,-0.0231,-0.0016,True
database,games,-0.0295,0.0,-0.047,-0.0121,True
database,middleware,-0.0144,0.0,-0.0224,-0.0063,True
database,parsers/generators/make,0.0133,0.0822,-0.0007,0.0273,False
database,programming language,-0.0205,0.0,-0.0301,-0.011,True
database,testing,-0.028,0.0,-0.0407,-0.0154,True
database,tool,0.0086,0.0402,0.0002,0.017,True
diagram generator/data visualization,games,-0.0172,0.0944,-0.0357,0.0012,False
diagram generator/data visualization,middleware,-0.0021,1.0,-0.0121,0.008,False
diagram generator/data visualization,parsers/generators/make,0.0256,0.0,0.0104,0.0408,True
diagram generator/data visualization,programming language,-0.0082,0.4208,-0.0196,0.0031,False
diagram generator/data visualization,testing,-0.0157,0.0128,-0.0297,-0.0017,True
diagram generator/data visualization,tool,0.0209,0.0,0.0106,0.0312,True
games,middleware,0.0152,0.1352,-0.0018,0.0322,False
games,parsers/generators/make,0.0428,0.0,0.0223,0.0633,True
games,programming language,0.009,0.89,-0.0088,0.0268,False
games,testing,0.0015,1.0,-0.0181,0.0211,False
games,tool,0.0381,0.0,0.0209,0.0553,True
middleware,parsers/generators/make,0.0276,0.0,0.0142,0.0411,True
middleware,programming language,-0.0062,0.4723,-0.0149,0.0026,False
middleware,testing,-0.0137,0.0109,-0.0257,-0.0016,True
middleware,tool,0.0229,0.0,0.0155,0.0304,True
parsers/generators/make,programming language,-0.0338,0.0,-0.0482,-0.0194,True
parsers/generators/make,testing,-0.0413,0.0,-0.0579,-0.0247,True
parsers/generators/make,tool,-0.0047,0.9938,-0.0184,0.009,False
programming language,testing,-0.0075,0.7804,-0.0206,0.0056,False
programming language,tool,0.0291,0.0,0.02,0.0382,True
testing,tool,0.0366,0.0,0.0243,0.0489,True
3D/graphics/media,IDE,-1.2006,0.0,-1.5756,-0.8256,True
3D/graphics/media,SDK,-1.7506,0.0,-2.1721,-1.3292,True
3D/graphics/media,__ALL__,-1.2245,0.0,-1.5885,-0.8605,True
3D/graphics/media,database,-0.5408,0.0007,-0.9428,-0.1389,True
3D/graphics/media,diagram generator/data visualization,-1.8335,0.0,-2.2774,-1.3896,True
3D/graphics/media,games,2.7961,0.0,2.1959,3.3964,True
3D/graphics/media,middleware,-1.9427,0.0,-2.331,-1.5543,True
3D/graphics/media,parsers/generators/make,-0.3739,0.3302,-0.8598,0.1119,False
3D/graphics/media,programming language,-1.5058,0.0,-1.9099,-1.1018,True
3D/graphics/media,testing,-2.0971,0.0,-2.5789,-1.6152,True
3D/graphics/media,tool,-0.9465,0.0,-1.3373,-0.5556,True
IDE,SDK,-0.55,0.0,-0.7946,-0.3054,True
IDE,__ALL__,-0.0239,1.0,-0.1452,0.0974,False
IDE,database,0.6598,0.0,0.4505,0.8691,True
IDE,diagram generator/data visualization,-0.6329,0.0,-0.9144,-0.3513,True
IDE,games,3.9967,0.0,3.5043,4.4892,True
IDE,middleware,-0.742,0.0,-0.9237,-0.5604,True
IDE,parsers/generators/make,0.8267,0.0,0.4828,1.1706,True
IDE,programming language,-0.3052,0.0002,-0.5184,-0.092,True
IDE,testing,-0.8965,0.0,-1.2346,-0.5583,True
IDE,tool,0.2541,0.0006,0.0671,0.4412,True
SDK,__ALL__,0.5261,0.0,0.2987,0.7535,True
SDK,database,1.2098,0.0,0.9256,1.494,True
SDK,diagram generator/data visualization,-0.0828,0.9997,-0.4238,0.2581,False
SDK,games,4.5468,0.0,4.0181,5.0755,True
SDK,middleware,-0.192,0.4253,-0.4566,0.0725,False
SDK,parsers/generators/make,1.3767,0.0,0.9827,1.7708,True
SDK,programming language,0.2448,0.1857,-0.0423,0.532,False
SDK,testing,-0.3464,0.1372,-0.7355,0.0426,False
SDK,tool,0.8042,0.0,0.5359,1.0725,True
__ALL__,database,0.6837,0.0,0.4949,0.8726,True
__ALL__,diagram generator/data visualization,-0.609,0.0,-0.8757,-0.3422,True
__ALL__,games,4.0207,0.0,3.5365,4.5048,True
__ALL__,middleware,-0.7181,0.0,-0.8759,-0.5604,True
__ALL__,parsers/generators/make,0.8506,0.0,0.5187,1.1825,True
__ALL__,programming language,-0.2813,0.0001,-0.4746,-0.088,True
__ALL__,testing,-0.8725,0.0,-1.1985,-0.5466,True
__ALL__,tool,0.278,0.0,0.1141,0.442,True
database,diagram generator/data visualization,-1.2927,0.0,-1.6093,-0.9761,True
database,games,3.3369,0.0,2.8236,3.8503,True
database,middleware,-1.4018,0.0,-1.6341,-1.1696,True
database,parsers/generators/make,0.1669,0.9507,-0.2062,0.54,False
database,programming language,-0.965,0.0,-1.2227,-0.7073,True
database,testing,-1.5562,0.0,-1.9241,-1.1884,True
database,tool,-0.4057,0.0,-0.6422,-0.1691,True
diagram generator/data visualization,games,4.6296,0.0,4.0828,5.1764,True
diagram generator/data visualization,middleware,-0.1092,0.9896,-0.4083,0.1899,False
diagram generator/data visualization,parsers/generators/make,1.4596,0.0,1.0416,1.8776,True
diagram generator/data visualization,programming language,0.3277,0.0381,0.0084,0.6469,True
diagram generator/data visualization,testing,-0.2636,0.6343,-0.6769,0.1497,False
diagram generator/data visualization,tool,0.887,0.0,0.5846,1.1894,True
games,middleware,-4.7388,0.0,-5.2415,-4.2361,True
games,parsers/generators/make,-3.17,0.0,-3.7514,-2.5887,True
games,programming language,-4.3019,0.0,-4.8169,-3.787,True
games,testing,-4.8932,0.0,-5.4712,-4.3152,True
games,tool,-3.7426,0.0,-4.2473,-3.2379,True
middleware,parsers/generators/make,1.5687,0.0,1.2104,1.9271,True
middleware,programming language,0.4368,0.0,0.201,0.6727,True
middleware,testing,-0.1544,0.9579,-0.5073,0.1985,False
middleware,tool,0.9962,0.0,0.7837,1.2087,True
parsers/generators/make,programming language,-1.1319,0.0,-1.5073,-0.7565,True
parsers/generators/make,testing,-1.7232,0.0,-2.1812,-1.2651,True
parsers/generators/make,tool,-0.5726,0.0,-0.9337,-0.2114,True
programming language,testing,-0.5912,0.0,-0.9614,-0.2211,True
programming language,tool,0.5593,0.0,0.3193,0.7994,True
testing,tool,1.1506,0.0,0.7949,1.5063,True
3D/graphics/media,IDE,-0.0831,0.0,-0.1173,-0.0489,True
3D/graphics/media,SDK,-0.121,0.0,-0.1605,-0.0816,True
3D/graphics/media,__ALL__,-0.0939,0.0,-0.1272,-0.0606,True
3D/graphics/media,database,-0.1437,0.0,-0.1807,-0.1067,True
3D/graphics/media,diagram generator/data visualization,-0.0208,0.8748,-0.0613,0.0196,False
3D/graphics/media,games,-0.0501,0.1121,-0.105,0.0047,False
3D/graphics/media,middleware,-0.1218,0.0,-0.1573,-0.0863,True
3D/graphics/media,parsers/generators/make,-0.0224,0.9252,-0.0694,0.0247,False
3D/graphics/media,programming language,-0.0913,0.0,-0.1295,-0.0531,True
3D/graphics/media,testing,-0.1494,0.0,-0.1935,-0.1052,True
3D/graphics/media,tool,-0.0902,0.0,-0.1263,-0.054,True
IDE,SDK,-0.0379,0.0,-0.0616,-0.0142,True
IDE,__ALL__,-0.0107,0.0551,-0.0216,0.0001,False
IDE,database,-0.0606,0.0,-0.08,-0.0411,True
IDE,diagram generator/data visualization,0.0623,0.0,0.037,0.0876,True
IDE,games,0.033,0.4044,-0.0119,0.0779,False
IDE,middleware,-0.0387,0.0,-0.0551,-0.0223,True
IDE,parsers/generators/make,0.0608,0.0,0.0258,0.0957,True
IDE,programming language,-0.0082,0.9859,-0.0298,0.0134,False
IDE,testing,-0.0662,0.0,-0.0972,-0.0352,True
IDE,tool,-0.007,0.9796,-0.0247,0.0107,False
SDK,__ALL__,0.0272,0.0043,0.0047,0.0496,True
SDK,database,-0.0227,0.2369,-0.0503,0.005,False
SDK,diagram generator/data visualization,0.1002,0.0,0.0681,0.1322,True
SDK,games,0.0709,0.0001,0.0219,0.1199,True
SDK,middleware,-0.0008,1.0,-0.0264,0.0248,False
SDK,parsers/generators/make,0.0987,0.0,0.0585,0.1388,True
SDK,programming language,0.0297,0.0425,0.0005,0.0589,True
SDK,testing,-0.0283,0.3269,-0.065,0.0084,False
SDK,tool,0.0309,0.0075,0.0044,0.0573,True
__ALL__,database,-0.0498,0.0,-0.0677,-0.032,True
__ALL__,diagram generator/data visualization,0.073,0.0,0.0489,0.0971,True
__ALL__,games,0.0437,0.0559,-0.0005,0.088,False
__ALL__,middleware,-0.028,0.0,-0.0424,-0.0135,True
__ALL__,parsers/generators/make,0.0715,0.0,0.0374,0.1056,True
__ALL__,programming language,0.0025,1.0,-0.0177,0.0227,False
__ALL__,testing,-0.0555,0.0,-0.0855,-0.0254,True
__ALL__,tool,0.0037,0.9998,-0.0122,0.0196,False
database,diagram generator/data visualization,0.1228,0.0,0.0938,0.1519,True
database,games,0.0936,0.0,0.0465,0.1406,True
database,middleware,0.0219,0.0451,0.0002,0.0435,True
database,parsers/generators/make,0.1213,0.0,0.0836,0.1591,True
database,programming language,0.0524,0.0,0.0265,0.0782,True
database,testing,-0.0057,1.0,-0.0398,0.0285,False
database,tool,0.0535,0.0,0.0309,0.0762,True
diagram generator/data visualization,games,-0.0293,0.7459,-0.0791,0.0205,False
diagram generator/data visualization,middleware,-0.101,0.0,-0.128,-0.0739,True
diagram generator/data visualization,parsers/generators/make,-0.0015,1.0,-0.0426,0.0396,False
diagram generator/data visualization,programming language,-0.0705,0.0,-0.101,-0.04,True
diagram generator/data visualization,testing,-0.1285,0.0,-0.1663,-0.0907,True
diagram generator/data visualization,tool,-0.0693,0.0,-0.0972,-0.0414,True
games,middleware,-0.0717,0.0,-0.1176,-0.0258,True
games,parsers/generators/make,0.0278,0.8949,-0.0276,0.0831,False
games,programming language,-0.0412,0.1783,-0.0892,0.0068,False
games,testing,-0.0992,0.0,-0.1521,-0.0463,True
games,tool,-0.04,0.1713,-0.0864,0.0064,False
middleware,parsers/generators/make,0.0994,0.0,0.0632,0.1357,True
middleware,programming language,0.0305,0.0015,0.0069,0.0541,True
middleware,testing,-0.0275,0.1917,-0.06,0.0049,False
middleware,tool,0.0317,0.0,0.0116,0.0517,True
parsers/generators/make,programming language,-0.069,0.0,-0.1079,-0.03,True
parsers/generators/make,testing,-0.127,0.0,-0.1718,-0.0822,True
parsers/generators/make,tool,-0.0678,0.0,-0.1046,-0.0309,True
programming language,testing,-0.058,0.0,-0.0934,-0.0226,True
programming language,tool,0.0012,1.0,-0.0234,0.0258,False
testing,tool,0.0592,0.0,0.0261,0.0923,True
3D/graphics/media,IDE,-0.0188,0.9999,-0.1019,0.0643,False
3D/graphics/media,SDK,-0.5501,0.0,-0.6435,-0.4568,True
3D/graphics/media,__ALL__,-0.2188,0.0,-0.2994,-0.1382,True
3D/graphics/media,database,-0.3624,0.0,-0.4514,-0.2734,True
3D/graphics/media,diagram generator/data visualization,-0.4696,0.0,-0.568,-0.3713,True
3D/graphics/media,games,0.7203,0.0,0.5874,0.8533,True
3D/graphics/media,middleware,-0.5275,0.0,-0.6135,-0.4415,True
3D/graphics/media,parsers/generators/make,-0.0697,0.6099,-0.1774,0.0379,False
3D/graphics/media,programming language,-0.0288,0.9965,-0.1182,0.0607,False
3D/graphics/media,testing,-0.2462,0.0,-0.353,-0.1395,True
3D/graphics/media,tool,-0.2355,0.0,-0.3221,-0.1489,True
IDE,SDK,-0.5313,0.0,-0.5855,-0.4771,True
IDE,__ALL__,-0.2,0.0,-0.2269,-0.1731,True
IDE,database,-0.3436,0.0,-0.3899,-0.2972,True
IDE,diagram generator/data visualization,-0.4508,0.0,-0.5132,-0.3885,True
IDE,games,0.7391,0.0,0.63,0.8482,True
IDE,middleware,-0.5087,0.0,-0.549,-0.4685,True
IDE,parsers/generators/make,-0.0509,0.5603,-0.1271,0.0252,False
IDE,programming language,-0.01,0.9999,-0.0572,0.0373,False
IDE,testing,-0.2274,0.0,-0.3023,-0.1525,True
IDE,tool,-0.2167,0.0,-0.2581,-0.1753,True
SDK,__ALL__,0.3313,0.0,0.2809,0.3817,True
SDK,database,0.1877,0.0,0.1248,0.2507,True
SDK,diagram generator/data visualization,0.0805,0.025,0.005,0.156,True
SDK,games,1.2704,0.0,1.1533,1.3875,True
SDK,middleware,0.0226,0.9838,-0.036,0.0812,False
SDK,parsers/generators/make,0.4804,0.0,0.3931,0.5676,True
SDK,programming language,0.5214,0.0,0.4578,0.585,True
SDK,testing,0.3039,0.0,0.2177,0.39,True
SDK,tool,0.3146,0.0,0.2552,0.374,True
__ALL__,database,-0.1436,0.0,-0.1854,-0.1018,True
__ALL__,diagram generator/data visualization,-0.2508,0.0,-0.3099,-0.1917,True
__ALL__,games,0.9391,0.0,0.8319,1.0464,True
__ALL__,middleware,-0.3087,0.0,-0.3436,-0.2738,True
__ALL__,parsers/generators/make,0.1491,0.0,0.0756,0.2226,True
__ALL__,programming language,0.1901,0.0,0.1472,0.2329,True
__ALL__,testing,-0.0274,0.9856,-0.0996,0.0448,False
__ALL__,tool,-0.0167,0.9406,-0.053,0.0196,False
database,diagram generator/data visualization,-0.1072,0.0,-0.1774,-0.0371,True
database,games,1.0827,0.0,0.969,1.1964,True
database,middleware,-0.1651,0.0,-0.2166,-0.1137,True
database,parsers/generators/make,0.2926,0.0,0.21,0.3753,True
database,programming language,0.3336,0.0,0.2766,0.3907,True
database,testing,0.1161,0.0002,0.0347,0.1976,True
database,tool,0.1269,0.0,0.0745,0.1793,True
diagram generator/data visualization,games,1.19,0.0,1.0688,1.3111,True
diagram generator/data visualization,middleware,-0.0579,0.1571,-0.1241,0.0084,False
diagram generator/data visualization,parsers/generators/make,0.3999,0.0,0.3073,0.4925,True
diagram generator/data visualization,programming language,0.4409,0.0,0.3702,0.5116,True
diagram generator/data visualization,testing,0.2234,0.0,0.1318,0.3149,True
diagram generator/data visualization,tool,0.2341,0.0,0.1672,0.3011,True
games,middleware,-1.2478,0.0,-1.3592,-1.1365,True
games,parsers/generators/make,-0.7901,0.0,-0.9188,-0.6613,True
games,programming language,-0.7491,0.0,-0.8631,-0.635,True
games,testing,-0.9666,0.0,-1.0946,-0.8385,True
games,tool,-0.9558,0.0,-1.0676,-0.844,True
middleware,parsers/generators/make,0.4578,0.0,0.3784,0.5372,True
middleware,programming language,0.4988,0.0,0.4465,0.551,True
middleware,testing,0.2813,0.0,0.2031,0.3594,True
middleware,tool,0.292,0.0,0.245,0.3391,True
parsers/generators/make,programming language,0.041,0.9056,-0.0422,0.1241,False
parsers/generators/make,testing,-0.1765,0.0,-0.278,-0.075,True
parsers/generators/make,tool,-0.1658,0.0,-0.2457,-0.0858,True
programming language,testing,-0.2175,0.0,-0.2995,-0.1355,True
programming language,tool,-0.2067,0.0,-0.2599,-0.1536,True
testing,tool,0.0107,1.0,-0.068,0.0895,False
3D/graphics/media,IDE,0.1358,0.0,0.1176,0.154,True
3D/graphics/media,SDK,-0.1747,0.0,-0.1952,-0.1543,True
3D/graphics/media,__ALL__,0.0094,0.847,-0.0082,0.0271,False
3D/graphics/media,database,-0.0313,0.0,-0.0508,-0.0118,True
3D/graphics/media,diagram generator/data visualization,-0.0566,0.0,-0.0781,-0.0351,True
3D/graphics/media,games,0.1611,0.0,0.132,0.1902,True
3D/graphics/media,middleware,-0.0831,0.0,-0.1019,-0.0643,True
3D/graphics/media,parsers/generators/make,0.0407,0.0,0.0172,0.0643,True
3D/graphics/media,programming language,-0.0106,0.8331,-0.0302,0.009,False
3D/graphics/media,testing,-0.0516,0.0,-0.0749,-0.0282,True
3D/graphics/media,tool,-0.001,1.0,-0.02,0.0179,False
IDE,SDK,-0.3105,0.0,-0.3224,-0.2987,True
IDE,__ALL__,-0.1264,0.0,-0.1322,-0.1205,True
IDE,database,-0.1671,0.0,-0.1772,-0.1569,True
IDE,diagram generator/data visualization,-0.1924,0.0,-0.206,-0.1787,True
IDE,games,0.0253,0.026,0.0015,0.0492,True
IDE,middleware,-0.2189,0.0,-0.2277,-0.2101,True
IDE,parsers/generators/make,-0.0951,0.0,-0.1117,-0.0784,True
IDE,programming language,-0.1464,0.0,-0.1567,-0.1361,True
IDE,testing,-0.1873,0.0,-0.2037,-0.1709,True
IDE,tool,-0.1368,0.0,-0.1459,-0.1278,True
SDK,__ALL__,0.1842,0.0,0.1731,0.1952,True
SDK,database,0.1435,0.0,0.1297,0.1572,True
SDK,diagram generator/data visualization,0.1181,0.0,0.1016,0.1347,True
SDK,games,0.3359,0.0,0.3103,0.3615,True
SDK,middleware,0.0917,0.0,0.0788,0.1045,True
SDK,parsers/generators/make,0.2155,0.0,0.1964,0.2346,True
SDK,programming language,0.1641,0.0,0.1502,0.178,True
SDK,testing,0.1232,0.0,0.1043,0.142,True
SDK,tool,0.1737,0.0,0.1607,0.1867,True
__ALL__,database,-0.0407,0.0,-0.0499,-0.0316,True
__ALL__,diagram generator/data visualization,-0.066,0.0,-0.0789,-0.0531,True
__ALL__,games,0.1517,0.0,0.1282,0.1752,True
__ALL__,middleware,-0.0925,0.0,-0.1002,-0.0849,True
__ALL__,parsers/generators/make,0.0313,0.0,0.0152,0.0474,True
__ALL__,programming language,-0.02,0.0,-0.0294,-0.0107,True
__ALL__,testing,-0.061,0.0,-0.0768,-0.0452,True
__ALL__,tool,-0.0105,0.001,-0.0184,-0.0025,True
database,diagram generator/data visualization,-0.0253,0.0,-0.0407,-0.01,True
database,games,0.1924,0.0,0.1675,0.2173,True
database,middleware,-0.0518,0.0,-0.0631,-0.0406,True
database,parsers/generators/make,0.072,0.0,0.0539,0.0901,True
database,programming language,0.0207,0.0,0.0082,0.0331,True
database,testing,-0.0203,0.0109,-0.0381,-0.0024,True
database,tool,0.0302,0.0,0.0188,0.0417,True
diagram generator/data visualization,games,0.2177,0.0,0.1912,0.2442,True
diagram generator/data visualization,middleware,-0.0265,0.0,-0.041,-0.012,True
diagram generator/data visualization,parsers/generators/make,0.0973,0.0,0.0771,0.1176,True
diagram generator/data visualization,programming language,0.046,0.0,0.0305,0.0614,True
diagram generator/data visualization,testing,0.005,0.9996,-0.015,0.0251,False
diagram generator/data visualization,tool,0.0556,0.0,0.0409,0.0702,True
games,middleware,-0.2442,0.0,-0.2686,-0.2199,True
games,parsers/generators/make,-0.1204,0.0,-0.1486,-0.0922,True
games,programming language,-0.1717,0.0,-0.1967,-0.1468,True
games,testing,-0.2127,0.0,-0.2407,-0.1847,True
games,tool,-0.1622,0.0,-0.1866,-0.1377,True
middleware,parsers/generators/make,0.1238,0.0,0.1064,0.1412,True
middleware,programming language,0.0725,0.0,0.061,0.0839,True
middleware,testing,0.0315,0.0,0.0144,0.0486,True
middleware,tool,0.082,0.0,0.0717,0.0923,True
parsers/generators/make,programming language,-0.0513,0.0,-0.0695,-0.0331,True
parsers/generators/make,testing,-0.0923,0.0,-0.1145,-0.0701,True
parsers/generators/make,tool,-0.0418,0.0,-0.0593,-0.0243,True
programming language,testing,-0.0409,0.0,-0.0589,-0.023,True
programming language,tool,0.0096,0.2312,-0.0021,0.0212,False
testing,tool,0.0505,0.0,0.0333,0.0677,True
3D/graphics/media,IDE,-0.0631,0.0139,-0.1197,-0.0066,True
3D/graphics/media,SDK,-0.0692,0.0125,-0.1307,-0.0078,True
3D/graphics/media,__ALL__,-0.0673,0.0038,-0.1223,-0.0122,True
3D/graphics/media,database,-0.1034,0.0,-0.162,-0.0447,True
3D/graphics/media,diagram generator/data visualization,-0.0463,0.4078,-0.1093,0.0168,False
3D/graphics/media,games,0.0502,0.902,-0.0511,0.1515,False
3D/graphics/media,middleware,-0.0919,0.0,-0.1487,-0.0352,True
3D/graphics/media,parsers/generators/make,-0.1252,0.0,-0.1948,-0.0555,True
3D/graphics/media,programming language,0.0124,1.0,-0.0531,0.0779,False
3D/graphics/media,testing,-0.0731,0.0113,-0.1375,-0.0087,True
3D/graphics/media,tool,-0.0351,0.7168,-0.0935,0.0233,False
IDE,SDK,-0.0061,1.0,-0.0382,0.026,False
IDE,__ALL__,-0.0041,0.9997,-0.0208,0.0126,False
IDE,database,-0.0402,0.0,-0.0666,-0.0139,True
IDE,diagram generator/data visualization,0.0169,0.9191,-0.0182,0.0519,False
IDE,games,0.1134,0.0012,0.0267,0.2,True
IDE,middleware,-0.0288,0.001,-0.0506,-0.007,True
IDE,parsers/generators/make,-0.062,0.0006,-0.1079,-0.0162,True
IDE,programming language,0.0755,0.0,0.0363,0.1148,True
IDE,testing,-0.01,0.9994,-0.0474,0.0275,False
IDE,tool,0.028,0.019,0.0023,0.0537,True
SDK,__ALL__,0.002,1.0,-0.0274,0.0313,False
SDK,database,-0.0341,0.0776,-0.0699,0.0016,False
SDK,diagram generator/data visualization,0.023,0.8385,-0.0196,0.0655,False
SDK,games,0.1195,0.0009,0.0295,0.2094,True
SDK,middleware,-0.0227,0.4898,-0.0553,0.0098,False
SDK,parsers/generators/make,-0.056,0.0213,-0.1078,-0.0041,True
SDK,programming language,0.0816,0.0,0.0355,0.1277,True
SDK,testing,-0.0039,1.0,-0.0484,0.0407,False
SDK,tool,0.0341,0.0693,-0.0012,0.0694,False
__ALL__,database,-0.0361,0.0,-0.0591,-0.0131,True
__ALL__,diagram generator/data visualization,0.021,0.6202,-0.0116,0.0536,False
__ALL__,games,0.1175,0.0005,0.0318,0.2032,True
__ALL__,middleware,-0.0247,0.0003,-0.0423,-0.0071,True
__ALL__,parsers/generators/make,-0.0579,0.001,-0.1019,-0.0139,True
__ALL__,programming language,0.0796,0.0,0.0426,0.1167,True
__ALL__,testing,-0.0058,1.0,-0.041,0.0293,False
__ALL__,tool,0.0321,0.0001,0.0099,0.0544,True
database,diagram generator/data visualization,0.0571,0.0001,0.0186,0.0955,True
database,games,0.1536,0.0,0.0655,0.2417,True
database,middleware,0.0114,0.9668,-0.0155,0.0384,False
database,parsers/generators/make,-0.0218,0.9485,-0.0703,0.0267,False
database,programming language,0.1157,0.0,0.0734,0.1581,True
database,testing,0.0303,0.383,-0.0104,0.0709,False
database,tool,0.0682,0.0,0.0381,0.0984,True
diagram generator/data visualization,games,0.0965,0.0268,0.0054,0.1876,True
diagram generator/data visualization,middleware,-0.0457,0.0016,-0.0812,-0.0102,True
diagram generator/data visualization,parsers/generators/make,-0.0789,0.0001,-0.1326,-0.0252,True
diagram generator/data visualization,programming language,0.0587,0.004,0.0104,0.1069,True
diagram generator/data visualization,testing,-0.0268,0.7751,-0.0736,0.0199,False
diagram generator/data visualization,tool,0.0111,0.9985,-0.0269,0.0491,False
games,middleware,-0.1422,0.0,-0.229,-0.0553,True
games,parsers/generators/make,-0.1754,0.0,-0.2712,-0.0797,True
games,programming language,-0.0378,0.9749,-0.1306,0.0549,False
games,testing,-0.1233,0.0007,-0.2154,-0.0313,True
games,tool,-0.0854,0.0666,-0.1733,0.0026,False
middleware,parsers/generators/make,-0.0332,0.4394,-0.0794,0.0129,False
middleware,programming language,0.1043,0.0,0.0647,0.144,True
middleware,testing,0.0189,0.8992,-0.019,0.0567,False
middleware,tool,0.0568,0.0,0.0305,0.0831,True
parsers/generators/make,programming language,0.1376,0.0,0.081,0.1941,True
parsers/generators/make,testing,0.0521,0.0874,-0.0032,0.1074,False
parsers/generators/make,tool,0.09,0.0,0.0419,0.1382,True
programming language,testing,-0.0855,0.0,-0.1355,-0.0355,True
programming language,tool,-0.0475,0.0114,-0.0894,-0.0056,True
testing,tool,0.038,0.0859,-0.0023,0.0782,False
3D/graphics/media,IDE,7.4572,0.9899,-13.0337,27.948,False
3D/graphics/media,SDK,10.025,0.949,-12.2829,32.3329,False
3D/graphics/media,__ALL__,1.6064,1.0,-18.3372,21.5501,False
3D/graphics/media,database,1.3508,1.0,-19.934,22.6356,False
3D/graphics/media,diagram generator/data visualization,-1.9947,1.0,-24.8846,20.8951,False
3D/graphics/media,games,15.3003,0.9711,-21.5132,52.1138,False
3D/graphics/media,middleware,-9.3977,0.9432,-29.989,11.1935,False
3D/graphics/media,parsers/generators/make,-4.707,1.0,-29.9797,20.5656,False
3D/graphics/media,programming language,22.2074,0.0936,-1.5587,45.9735,False
3D/graphics/media,testing,-5.6059,0.9998,-28.9817,17.7699,False
3D/graphics/media,tool,3.0358,1.0,-18.1346,24.2063,False
IDE,SDK,2.5679,0.9999,-9.1388,14.2746,False
IDE,__ALL__,-5.8507,0.074,-11.9461,0.2447,False
IDE,database,-6.1064,0.6404,-15.7213,3.5085,False
IDE,diagram generator/data visualization,-9.4519,0.3943,-22.2327,3.329,False
IDE,games,7.8431,0.9997,-23.6948,39.381,False
IDE,middleware,-16.8549,0.0,-24.8175,-8.8923,True
IDE,parsers/generators/make,-12.1642,0.417,-28.8409,4.5125,False
IDE,programming language,14.7503,0.0359,0.4593,29.0413,True
IDE,testing,-13.0631,0.0751,-26.695,0.5689,False
IDE,tool,-4.4213,0.9283,-13.7804,4.9378,False
SDK,__ALL__,-8.4186,0.2989,-19.1387,2.3016,False
SDK,database,-8.6743,0.5695,-21.7209,4.3724,False
SDK,diagram generator/data visualization,-12.0198,0.3211,-27.5478,3.5082,False
SDK,games,5.2753,1.0,-27.4724,38.0229,False
SDK,middleware,-19.4228,0.0,-31.3043,-7.5413,True
SDK,parsers/generators/make,-14.7321,0.3074,-33.5969,4.1327,False
SDK,programming language,12.1824,0.426,-4.6105,28.9753,False
SDK,testing,-15.6309,0.072,-31.8667,0.6048,False
SDK,tool,-6.9892,0.8312,-19.8485,5.8701,False
__ALL__,database,-0.2557,1.0,-8.6415,8.1302,False
__ALL__,diagram generator/data visualization,-3.6012,0.9979,-15.485,8.2827,False
__ALL__,games,13.6939,0.9567,-17.4913,44.879,False
__ALL__,middleware,-11.0042,0.0,-17.4289,-4.5794,True
__ALL__,parsers/generators/make,-6.3135,0.9806,-22.3131,9.6861,False
__ALL__,programming language,20.601,0.0,7.1063,34.0957,True
__ALL__,testing,-7.2123,0.7945,-20.0071,5.5824,False
__ALL__,tool,1.4294,1.0,-6.6618,9.5207,False
database,diagram generator/data visualization,-3.3455,0.9998,-17.364,10.673,False
database,games,13.9495,0.9595,-18.1099,46.0089,False
database,middleware,-10.7485,0.0182,-20.5756,-0.9215,True
database,parsers/generators/make,-6.0578,0.9938,-23.701,11.5853,False
database,programming language,20.8567,0.0006,5.4488,36.2645,True
database,testing,-6.9567,0.9306,-21.7553,7.842,False
database,tool,1.6851,1.0,-9.3041,12.6742,False
diagram generator/data visualization,games,17.295,0.8663,-15.8518,50.4418,False
diagram generator/data visualization,middleware,-7.403,0.7783,-20.3442,5.5382,False
diagram generator/data visualization,parsers/generators/make,-2.7123,1.0,-22.2618,16.8372,False
diagram generator/data visualization,programming language,24.2022,0.0004,6.6436,41.7608,True
diagram generator/data visualization,testing,-3.6112,0.9999,-20.6377,13.4154,False
diagram generator/data visualization,tool,5.0306,0.99,-8.8137,18.8749,False
games,middleware,-24.698,0.3063,-56.3012,6.9052,False
games,parsers/generators/make,-20.0073,0.7737,-54.8423,14.8276,False
games,programming language,6.9071,1.0,-26.8507,40.665,False
games,testing,-20.9062,0.6654,-54.3904,12.578,False
games,tool,-12.2644,0.9845,-44.2481,19.7192,False
middleware,parsers/generators/make,4.6907,0.999,-12.1092,21.4906,False
middleware,programming language,31.6052,0.0,17.1706,46.0397,True
middleware,testing,3.7918,0.9991,-9.9906,17.5743,False
middleware,tool,12.4336,0.0013,2.8567,22.0105,True
parsers/generators/make,programming language,26.9145,0.0012,6.3459,47.483,True
parsers/generators/make,testing,-0.8989,1.0,-21.0151,19.2174,False
parsers/generators/make,tool,7.7429,0.9544,-9.7622,25.2479,False
programming language,testing,-27.8133,0.0,-46.0008,-9.6258,True
programming language,tool,-19.1716,0.0023,-34.4211,-3.9221,True
testing,tool,8.6417,0.7404,-5.992,23.2755,False
3D/graphics/media,IDE,-0.3979,1.0,-3.2144,2.4186,False
3D/graphics/media,SDK,0.3608,1.0,-2.7054,3.4271,False
3D/graphics/media,__ALL__,-1.177,0.9632,-3.9183,1.5643,False
3D/graphics/media,database,-2.3058,0.2934,-5.2314,0.6198,False
3D/graphics/media,diagram generator/data visualization,-0.7305,0.9998,-3.8767,2.4158,False
3D/graphics/media,games,8.2529,0.0,3.1929,13.313,True
3D/graphics/media,middleware,-3.0595,0.0211,-5.8898,-0.2292,True
3D/graphics/media,parsers/generators/make,-1.5419,0.9533,-5.0157,1.9319,False
3D/graphics/media,programming language,1.2427,0.9855,-2.024,4.5093,False
3D/graphics/media,testing,-2.4923,0.3178,-5.7053,0.7207,False
3D/graphics/media,tool,-0.422,1.0,-3.3319,2.488,False
IDE,SDK,0.7587,0.9292,-0.8504,2.3678,False
IDE,__ALL__,-0.7791,0.0975,-1.6169,0.0587,False
IDE,database,-1.9079,0.0002,-3.2295,-0.5863,True
IDE,diagram generator/data visualization,-0.3326,1.0,-2.0893,1.4242,False
IDE,games,8.6508,0.0,4.3159,12.9857,True
IDE,middleware,-2.6616,0.0,-3.7561,-1.5672,True
IDE,parsers/generators/make,-1.144,0.8979,-3.4363,1.1482,False
IDE,programming language,1.6405,0.2116,-0.3238,3.6049,False
IDE,testing,-2.0944,0.0138,-3.9682,-0.2207,True
IDE,tool,-0.0241,1.0,-1.3105,1.2624,False
SDK,__ALL__,-1.5378,0.0318,-3.0113,-0.0643,True
SDK,database,-2.6666,0.0001,-4.4599,-0.8733,True
SDK,diagram generator/data visualization,-1.0913,0.8815,-3.2256,1.0431,False
SDK,games,7.8921,0.0,3.3909,12.3933,True
SDK,middleware,-3.4203,0.0,-5.0535,-1.7872,True
SDK,parsers/generators/make,-1.9027,0.4071,-4.4957,0.6903,False
SDK,programming language,0.8819,0.9849,-1.4264,3.1901,False
SDK,testing,-2.8531,0.0018,-5.0847,-0.6215,True
SDK,tool,-0.7828,0.954,-2.5503,0.9848,False
__ALL__,database,-1.1288,0.0614,-2.2815,0.0238,False
__ALL__,diagram generator/data visualization,0.4465,0.9992,-1.1869,2.08,False
__ALL__,games,9.4299,0.0,5.1435,13.7164,True
__ALL__,middleware,-1.8825,0.0,-2.7656,-0.9994,True
__ALL__,parsers/generators/make,-0.3649,1.0,-2.5641,1.8343,False
__ALL__,programming language,2.4197,0.0012,0.5648,4.2745,True
__ALL__,testing,-1.3153,0.3759,-3.074,0.4434,False
__ALL__,tool,0.755,0.5357,-0.3571,1.8672,False
database,diagram generator/data visualization,1.5753,0.2403,-0.3515,3.5022,False
database,games,10.5587,0.0,6.1521,14.9653,True
database,middleware,-0.7537,0.8053,-2.1044,0.597,False
database,parsers/generators/make,0.7639,0.9971,-1.6612,3.189,False
database,programming language,3.5485,0.0,1.4306,5.6663,True
database,testing,-0.1865,1.0,-2.2206,1.8476,False
database,tool,1.8839,0.0027,0.3734,3.3943,True
diagram generator/data visualization,games,8.9834,0.0,4.4273,13.5395,True
diagram generator/data visualization,middleware,-2.329,0.0011,-4.1078,-0.5503,True
diagram generator/data visualization,parsers/generators/make,-0.8114,0.998,-3.4985,1.8757,False
diagram generator/data visualization,programming language,1.9731,0.2403,-0.4403,4.3866,False
diagram generator/data visualization,testing,-1.7618,0.3653,-4.1022,0.5785,False
diagram generator/data visualization,tool,0.3085,1.0,-1.5944,2.2114,False
games,middleware,-11.3124,0.0,-15.6563,-6.9685,True
games,parsers/generators/make,-9.7948,0.0,-14.5829,-5.0067,True
games,programming language,-7.0103,0.0001,-11.6503,-2.3702,True
games,testing,-10.7452,0.0,-15.3477,-6.1428,True
games,tool,-8.6749,0.0,-13.0711,-4.2787,True
middleware,parsers/generators/make,1.5176,0.5879,-0.7916,3.8268,False
middleware,programming language,4.3022,0.0,2.3181,6.2862,True
middleware,testing,0.5672,0.9981,-1.3272,2.4616,False
middleware,tool,2.6376,0.0,1.3212,3.9539,True
parsers/generators/make,programming language,2.7846,0.0581,-0.0426,5.6117,False
parsers/generators/make,testing,-0.9504,0.9937,-3.7154,1.8146,False
parsers/generators/make,tool,1.12,0.9351,-1.2861,3.526,False
programming language,testing,-3.735,0.0001,-6.2349,-1.2351,True
programming language,tool,-1.6646,0.282,-3.7607,0.4315,False
testing,tool,2.0704,0.037,0.0589,4.0818,True
3D/graphics/media,IDE,0.0322,0.9265,-0.0357,0.1,False
3D/graphics/media,SDK,0.0839,0.0112,0.01,0.1577,True
3D/graphics/media,__ALL__,0.0617,0.0933,-0.0043,0.1277,False
3D/graphics/media,database,0.0728,0.0355,0.0023,0.1433,True
3D/graphics/media,diagram generator/data visualization,0.0454,0.7213,-0.0304,0.1212,False
3D/graphics/media,games,-0.0371,0.9978,-0.1589,0.0848,False
3D/graphics/media,middleware,0.1256,0.0,0.0574,0.1938,True
3D/graphics/media,parsers/generators/make,0.1305,0.0,0.0469,0.2142,True
3D/graphics/media,programming language,-0.1255,0.0,-0.2042,-0.0468,True
3D/graphics/media,testing,0.0775,0.049,0.0002,0.1549,True
3D/graphics/media,tool,0.0501,0.4503,-0.02,0.1202,False
IDE,SDK,0.0517,0.0008,0.0129,0.0905,True
IDE,__ALL__,0.0296,0.0001,0.0094,0.0497,True
IDE,database,0.0406,0.0018,0.0088,0.0725,True
IDE,diagram generator/data visualization,0.0133,0.9972,-0.0291,0.0556,False
IDE,games,-0.0692,0.5736,-0.1736,0.0352,False
IDE,middleware,0.0934,0.0,0.0671,0.1198,True
IDE,parsers/generators/make,0.0984,0.0,0.0431,0.1536,True
IDE,programming language,-0.1577,0.0,-0.205,-0.1104,True
IDE,testing,0.0454,0.0473,0.0002,0.0905,True
IDE,tool,0.0179,0.7643,-0.013,0.0489,False
SDK,__ALL__,-0.0221,0.6665,-0.0576,0.0133,False
SDK,database,-0.0111,0.9996,-0.0543,0.0321,False
SDK,diagram generator/data visualization,-0.0384,0.3764,-0.0898,0.013,False
SDK,games,-0.1209,0.0142,-0.2293,-0.0125,True
SDK,middleware,0.0417,0.0264,0.0024,0.0811,True
SDK,parsers/generators/make,0.0467,0.3775,-0.0158,0.1091,False
SDK,programming language,-0.2094,0.0,-0.265,-0.1538,True
SDK,testing,-0.0063,1.0,-0.0601,0.0474,False
SDK,tool,-0.0338,0.2844,-0.0763,0.0088,False
__ALL__,database,0.0111,0.9788,-0.0167,0.0388,False
__ALL__,diagram generator/data visualization,-0.0163,0.9718,-0.0556,0.023,False
__ALL__,games,-0.0988,0.0761,-0.202,0.0044,False
__ALL__,middleware,0.0639,0.0,0.0426,0.0851,True
__ALL__,parsers/generators/make,0.0688,0.0013,0.0158,0.1218,True
__ALL__,programming language,-0.1872,0.0,-0.2319,-0.1426,True
__ALL__,testing,0.0158,0.9874,-0.0265,0.0582,False
__ALL__,tool,-0.0116,0.9605,-0.0384,0.0152,False
database,diagram generator/data visualization,-0.0274,0.7419,-0.0738,0.019,False
database,games,-0.1099,0.0348,-0.216,-0.0037,True
database,middleware,0.0528,0.0,0.0203,0.0853,True
database,parsers/generators/make,0.0577,0.0562,-0.0007,0.1161,False
database,programming language,-0.1983,0.0,-0.2493,-0.1473,True
database,testing,0.0047,1.0,-0.0442,0.0537,False
database,tool,-0.0227,0.6668,-0.0591,0.0137,False
diagram generator/data visualization,games,-0.0825,0.3675,-0.1922,0.0272,False
diagram generator/data visualization,middleware,0.0802,0.0,0.0373,0.123,True
diagram generator/data visualization,parsers/generators/make,0.0851,0.0011,0.0204,0.1498,True
diagram generator/data visualization,programming language,-0.1709,0.0,-0.2291,-0.1128,True
diagram generator/data visualization,testing,0.0321,0.7827,-0.0242,0.0885,False
diagram generator/data visualization,tool,0.0047,1.0,-0.0412,0.0505,False
games,middleware,0.1627,0.0,0.058,0.2673,True
games,parsers/generators/make,0.1676,0.0001,0.0523,0.2829,True
games,programming language,-0.0884,0.2874,-0.2002,0.0233,False
games,testing,0.1146,0.0352,0.0038,0.2255,True
games,tool,0.0872,0.2306,-0.0187,0.1931,False
middleware,parsers/generators/make,0.0049,1.0,-0.0507,0.0606,False
middleware,programming language,-0.2511,0.0,-0.2989,-0.2033,True
middleware,testing,-0.048,0.0287,-0.0937,-0.0024,True
middleware,tool,-0.0755,0.0,-0.1072,-0.0438,True
parsers/generators/make,programming language,-0.256,0.0,-0.3241,-0.1879,True
parsers/generators/make,testing,-0.053,0.2794,-0.1196,0.0136,False
parsers/generators/make,tool,-0.0804,0.0004,-0.1384,-0.0225,True
programming language,testing,0.2031,0.0,0.1428,0.2633,True
programming language,tool,0.1756,0.0,0.1251,0.2261,True
testing,tool,-0.0274,0.7894,-0.0759,0.021,False
3D/graphics/media,IDE,0.0648,0.0021,0.0136,0.1161,True
3D/graphics/media,SDK,-0.0049,1.0,-0.0606,0.0508,False
3D/graphics/media,__ALL__,0.0328,0.589,-0.0171,0.0827,False
3D/graphics/media,database,0.0347,0.6018,-0.0186,0.0879,False
3D/graphics/media,diagram generator/data visualization,-0.0031,1.0,-0.0603,0.0541,False
3D/graphics/media,games,-0.0357,0.983,-0.1275,0.0562,False
3D/graphics/media,middleware,0.0377,0.4109,-0.0138,0.0892,False
3D/graphics/media,parsers/generators/make,0.031,0.9072,-0.0321,0.0942,False
3D/graphics/media,programming language,0.1466,0.0,0.0872,0.206,True
3D/graphics/media,testing,-0.0013,1.0,-0.0597,0.0572,False
3D/graphics/media,tool,-0.0204,0.9838,-0.0734,0.0325,False
IDE,SDK,-0.0697,0.0,-0.0988,-0.0407,True
IDE,__ALL__,-0.0321,0.0,-0.0472,-0.0169,True
IDE,database,-0.0302,0.0022,-0.0541,-0.0063,True
IDE,diagram generator/data visualization,-0.068,0.0,-0.0998,-0.0362,True
IDE,games,-0.1005,0.0018,-0.1791,-0.0219,True
IDE,middleware,-0.0271,0.0005,-0.0469,-0.0073,True
IDE,parsers/generators/make,-0.0338,0.2478,-0.0754,0.0078,False
IDE,programming language,0.0818,0.0,0.0462,0.1173,True
IDE,testing,-0.0661,0.0,-0.1001,-0.0322,True
IDE,tool,-0.0853,0.0,-0.1086,-0.062,True
SDK,__ALL__,0.0377,0.0002,0.011,0.0643,True
SDK,database,0.0396,0.0038,0.0071,0.072,True
SDK,diagram generator/data visualization,0.0018,1.0,-0.0368,0.0404,False
SDK,games,-0.0308,0.9865,-0.1124,0.0509,False
SDK,middleware,0.0426,0.0002,0.0131,0.0721,True
SDK,parsers/generators/make,0.0359,0.3395,-0.011,0.0829,False
SDK,programming language,0.1515,0.0,0.1097,0.1933,True
SDK,testing,0.0036,1.0,-0.0368,0.044,False
SDK,tool,-0.0155,0.9147,-0.0475,0.0165,False
__ALL__,database,0.0019,1.0,-0.019,0.0227,False
__ALL__,diagram generator/data visualization,-0.0359,0.0042,-0.0655,-0.0063,True
__ALL__,games,-0.0684,0.1491,-0.1462,0.0093,False
__ALL__,middleware,0.0049,0.9975,-0.011,0.0209,False
__ALL__,parsers/generators/make,-0.0017,1.0,-0.0416,0.0382,False
__ALL__,programming language,0.1138,0.0,0.0802,0.1474,True
__ALL__,testing,-0.0341,0.0244,-0.0659,-0.0022,True
__ALL__,tool,-0.0532,0.0,-0.0734,-0.033,True
database,diagram generator/data visualization,-0.0378,0.0205,-0.0727,-0.0029,True
database,games,-0.0703,0.1494,-0.1502,0.0096,False
database,middleware,0.003,1.0,-0.0214,0.0275,False
database,parsers/generators/make,-0.0036,1.0,-0.0476,0.0403,False
database,programming language,0.1119,0.0,0.0735,0.1503,True
database,testing,-0.0359,0.0639,-0.0728,0.0009,False
database,tool,-0.0551,0.0,-0.0824,-0.0277,True
diagram generator/data visualization,games,-0.0325,0.9809,-0.1151,0.0501,False
diagram generator/data visualization,middleware,0.0408,0.002,0.0086,0.073,True
diagram generator/data visualization,parsers/generators/make,0.0342,0.4821,-0.0145,0.0829,False
diagram generator/data visualization,programming language,0.1497,0.0,0.106,0.1934,True
diagram generator/data visualization,testing,0.0018,1.0,-0.0406,0.0443,False
diagram generator/data visualization,tool,-0.0173,0.8944,-0.0518,0.0172,False
games,middleware,0.0734,0.0963,-0.0054,0.1521,False
games,parsers/generators/make,0.0667,0.3333,-0.0201,0.1535,False
games,programming language,0.1822,0.0,0.0981,0.2664,True
games,testing,0.0344,0.973,-0.0491,0.1178,False
games,tool,0.0152,1.0,-0.0645,0.095,False
middleware,parsers/generators/make,-0.0067,1.0,-0.0485,0.0352,False
middleware,programming language,0.1089,0.0,0.0729,0.1448,True
middleware,testing,-0.039,0.0112,-0.0733,-0.0046,True
middleware,tool,-0.0581,0.0,-0.082,-0.0343,True
parsers/generators/make,programming language,0.1155,0.0,0.0643,0.1668,True
parsers/generators/make,testing,-0.0323,0.6182,-0.0825,0.0178,False
parsers/generators/make,tool,-0.0515,0.0065,-0.0951,-0.0078,True
programming language,testing,-0.1479,0.0,-0.1932,-0.1025,True
programming language,tool,-0.167,0.0,-0.205,-0.129,True
testing,tool,-0.0191,0.8618,-0.0556,0.0173,False
